DateValue,CustomerID,ProductID,StoreID,Quantity
03-01-2025,C054,P002,S003,3
27-07-2025,C099,P019,S014,1
21-06-2025,C095,P002,S033,3
28-07-2025,C036,P002,S024,1
28-08-2025,C040,P006,S013,4
19-07-2025,C031,P017,S019,5
20-02-2025,C005,P019,S025,1
17-08-2025,C050,P016,S018,4
19-06-2025,C035,P004,S024,4
09-09-2025,C012,P023,S022,3
06-05-2025,C091,P019,S029,4
07-03-2025,C025,P014,S025,1
19-06-2025,C050,P025,S009,4
07-09-2025,C011,P001,S001,2
24-02-2025,C093,P024,S025,3
04-04-2025,C078,P011,S040,4
09-09-2025,C042,P008,S022,3
28-08-2025,C064,P010,S032,2
19-04-2025,C037,P016,S018,3
19-04-2025,C024,P007,S004,4
11-08-2025,C045,P024,S021,3
30-06-2025,C014,P019,S033,2
25-03-2025,C058,P003,S003,1
09-09-2025,C098,P005,S036,1
20-05-2025,C037,P021,S035,1
25-02-2025,C051,P025,S028,2
20-07-2025,C044,P014,S031,1
30-07-2025,C077,P005,S038,5
23-06-2025,C045,P001,S012,2
02-09-2025,C099,P008,S006,2
06-02-2025,C061,P007,S033,2
05-09-2025,C091,P012,S008,2
11-03-2025,C097,P014,S004,4
10-06-2025,C084,P021,S026,3
25-04-2025,C014,P012,S036,3
05-03-2025,C076,P024,S025,3
17-03-2025,C061,P014,S002,1
05-07-2025,C012,P014,S007,2
05-02-2025,C019,P024,S002,2
07-03-2025,C007,P017,S028,1
05-09-2025,C045,P011,S036,4
10-04-2025,C092,P023,S025,1
04-05-2025,C074,P014,S012,2
29-07-2025,C088,P016,S027,1
10-01-2025,C027,P019,S022,1
06-05-2025,C071,P009,S040,3
05-02-2025,C059,P002,S024,3
06-05-2025,C048,P010,S011,2
30-04-2025,C078,P016,S026,2
14-02-2025,C043,P015,S003,1
07-04-2025,C016,P013,S014,1
09-03-2025,C046,P022,S007,3
29-08-2025,C034,P011,S040,2
01-09-2025,C014,P011,S037,3
19-08-2025,C089,P020,S031,6
13-06-2025,C073,P002,S039,1
10-02-2025,C055,P021,S016,3
02-09-2025,C010,P008,S025,1
06-06-2025,C082,P003,S020,2
24-04-2025,C046,P008,S020,3
06-06-2025,C015,P006,S024,1
18-06-2025,C030,P013,S037,1
17-06-2025,C041,P015,S018,3
28-02-2025,C096,P003,S031,5
17-06-2025,C052,P023,S019,3
16-02-2025,C051,P012,S033,3
16-02-2025,C071,P010,S036,2
01-07-2025,C081,P010,S016,3
03-06-2025,C073,P024,S021,2
26-04-2025,C082,P008,S004,3
15-07-2025,C087,P011,S034,1
23-02-2025,C016,P006,S034,3
08-02-2025,C070,P020,S022,2
13-04-2025,C024,P022,S023,3
25-02-2025,C075,P001,S020,5
05-09-2025,C014,P010,S027,2
27-01-2025,C038,P013,S026,1
15-05-2025,C090,P008,S028,2
30-04-2025,C003,P009,S036,1
16-06-2025,C081,P023,S025,4
16-08-2025,C059,P010,S037,4
03-02-2025,C025,P015,S006,3
04-02-2025,C002,P009,S014,1
07-07-2025,C047,P006,S036,1
11-08-2025,C073,P024,S004,4
02-08-2025,C078,P020,S040,1
08-09-2025,C082,P023,S024,4
25-06-2025,C030,P011,S021,4
23-04-2025,C009,P022,S018,2
30-06-2025,C012,P003,S012,2
16-06-2025,C022,P020,S030,2
27-05-2025,C092,P020,S004,2
03-06-2025,C042,P019,S002,3
13-04-2025,C067,P001,S005,1
26-03-2025,C057,P008,S038,2
17-08-2025,C078,P023,S028,2
08-09-2025,C009,P017,S038,4
02-01-2025,C078,P016,S001,4
19-01-2025,C059,P003,S021,1
19-03-2025,C090,P011,S026,2
19-03-2025,C089,P017,S039,2
12-08-2025,C078,P017,S008,3
03-09-2025,C075,P013,S035,4
08-01-2025,C080,P018,S033,1
25-02-2025,C003,P007,S034,4
10-08-2025,C093,P013,S032,1
24-08-2025,C005,P002,S012,2
01-04-2025,C099,P021,S032,2
23-05-2025,C097,P014,S017,3
20-08-2025,C069,P010,S025,5
21-07-2025,C014,P019,S038,4
16-06-2025,C085,P016,S034,1
05-04-2025,C007,P003,S028,3
10-06-2025,C074,P003,S008,5
26-02-2025,C054,P019,S020,1
06-04-2025,C028,P006,S006,3
08-04-2025,C038,P007,S004,2
08-03-2025,C049,P018,S015,2
10-04-2025,C059,P013,S037,3
02-04-2025,C002,P022,S032,4
11-09-2025,C047,P007,S026,3
11-06-2025,C063,P010,S017,3
23-08-2025,C082,P022,S023,3
03-08-2025,C001,P018,S016,7
03-07-2025,C006,P008,S032,4
24-01-2025,C099,P018,S018,3
17-02-2025,C092,P019,S007,3
04-05-2025,C035,P018,S004,2
09-05-2025,C011,P012,S011,2
11-02-2025,C061,P004,S020,3
06-03-2025,C066,P019,S032,2
09-04-2025,C033,P013,S001,5
20-06-2025,C068,P002,S019,3
25-08-2025,C036,P001,S028,2
16-02-2025,C083,P018,S025,3
03-02-2025,C071,P018,S019,4
03-05-2025,C074,P013,S015,4
12-07-2025,C100,P006,S002,5
05-09-2025,C063,P004,S027,2
01-07-2025,C054,P016,S040,4
05-07-2025,C081,P023,S002,4
30-06-2025,C086,P013,S026,3
21-06-2025,C033,P008,S007,2
18-05-2025,C027,P019,S026,1
02-08-2025,C021,P005,S033,6
15-06-2025,C091,P008,S023,3
25-05-2025,C089,P024,S006,3
15-03-2025,C017,P007,S013,1
15-01-2025,C034,P009,S036,3
04-06-2025,C059,P021,S002,2
30-07-2025,C075,P011,S021,4
14-02-2025,C014,P003,S002,1
18-05-2025,C084,P014,S033,2
22-03-2025,C078,P016,S007,3
08-03-2025,C077,P023,S006,2
01-09-2025,C068,P011,S005,3
28-07-2025,C012,P008,S008,4
18-04-2025,C075,P013,S006,3
07-08-2025,C051,P006,S039,2
16-07-2025,C072,P025,S025,4
17-02-2025,C008,P020,S014,2
01-03-2025,C040,P001,S026,4
05-06-2025,C064,P004,S007,1
05-07-2025,C010,P019,S008,3
28-02-2025,C064,P020,S040,2
09-09-2025,C025,P011,S002,4
26-08-2025,C007,P018,S016,1
04-05-2025,C051,P016,S020,3
05-02-2025,C039,P003,S026,2
10-09-2025,C018,P017,S030,4
29-05-2025,C047,P020,S028,2
03-06-2025,C047,P014,S012,3
22-03-2025,C041,P003,S036,1
09-01-2025,C016,P006,S029,2
27-06-2025,C047,P015,S008,1
04-09-2025,C078,P001,S033,2
24-08-2025,C098,P015,S029,5
27-08-2025,C059,P014,S011,2
06-04-2025,C002,P024,S022,2
30-04-2025,C010,P002,S010,4
26-08-2025,C027,P011,S039,3
08-08-2025,C067,P023,S015,2
29-04-2025,C067,P021,S022,4
05-01-2025,C046,P025,S019,3
06-06-2025,C085,P019,S024,1
05-07-2025,C080,P025,S032,1
25-05-2025,C093,P010,S038,3
31-03-2025,C009,P019,S009,2
15-06-2025,C078,P008,S037,2
30-04-2025,C049,P022,S025,4
26-03-2025,C079,P005,S014,3
10-05-2025,C061,P023,S010,1
05-06-2025,C091,P006,S032,5
09-08-2025,C018,P009,S024,2
25-04-2025,C094,P005,S014,1
02-04-2025,C063,P024,S026,3
30-04-2025,C069,P008,S020,5
17-07-2025,C073,P006,S013,3
19-08-2025,C060,P011,S027,4
19-04-2025,C083,P021,S039,3
27-03-2025,C034,P006,S034,3
22-06-2025,C035,P003,S037,3
31-05-2025,C046,P012,S028,3
26-04-2025,C023,P003,S024,1
20-05-2025,C097,P021,S026,3
04-04-2025,C018,P010,S008,3
29-05-2025,C005,P016,S026,3
07-09-2025,C030,P023,S004,2
03-04-2025,C099,P005,S027,3
09-06-2025,C067,P011,S011,3
19-04-2025,C075,P001,S034,1
10-05-2025,C038,P015,S005,4
06-01-2025,C026,P022,S034,3
09-02-2025,C006,P017,S007,3
12-02-2025,C082,P018,S035,1
04-08-2025,C050,P025,S038,3
21-03-2025,C031,P006,S012,6
31-05-2025,C042,P004,S006,4
03-09-2025,C090,P004,S029,2
21-08-2025,C044,P008,S038,2
12-05-2025,C045,P001,S027,4
10-09-2025,C024,P020,S015,4
07-05-2025,C036,P021,S006,4
30-06-2025,C048,P021,S005,4
08-09-2025,C068,P020,S038,1
16-05-2025,C084,P007,S037,3
05-04-2025,C007,P009,S031,2
09-07-2025,C016,P020,S027,2
25-06-2025,C063,P012,S013,2
14-01-2025,C051,P019,S037,2
16-06-2025,C062,P006,S032,3
11-02-2025,C051,P006,S019,3
24-03-2025,C042,P013,S018,4
03-07-2025,C008,P013,S018,2
25-05-2025,C049,P015,S035,3
19-06-2025,C031,P001,S001,3
11-07-2025,C049,P015,S025,1
07-07-2025,C069,P011,S006,4
02-08-2025,C084,P010,S028,3
10-07-2025,C088,P021,S006,3
08-04-2025,C080,P007,S035,2
23-01-2025,C002,P008,S003,1
28-01-2025,C089,P022,S016,4
12-07-2025,C012,P001,S027,3
07-02-2025,C074,P021,S004,2
03-09-2025,C068,P014,S027,1
07-02-2025,C038,P022,S005,2
15-03-2025,C026,P020,S033,3
30-03-2025,C023,P008,S038,3
31-07-2025,C085,P007,S001,2
31-08-2025,C092,P022,S024,2
02-09-2025,C070,P002,S033,3
10-05-2025,C042,P004,S026,4
10-03-2025,C064,P001,S034,3
25-07-2025,C046,P001,S007,5
27-04-2025,C055,P006,S018,4
17-01-2025,C056,P004,S025,4
17-02-2025,C022,P019,S004,2
21-07-2025,C048,P019,S007,6
02-02-2025,C035,P021,S027,2
15-06-2025,C048,P013,S005,2
06-01-2025,C061,P015,S033,3
31-07-2025,C007,P007,S034,3
02-03-2025,C064,P024,S002,3
08-04-2025,C007,P009,S025,2
31-07-2025,C053,P015,S034,1
24-03-2025,C002,P004,S006,1
29-03-2025,C041,P025,S025,3
07-04-2025,C009,P005,S005,2
26-07-2025,C047,P002,S026,5
09-08-2025,C018,P010,S025,1
24-07-2025,C059,P009,S025,4
02-05-2025,C064,P017,S033,4
20-05-2025,C025,P004,S022,4
03-06-2025,C090,P018,S021,1
02-04-2025,C065,P018,S021,3
22-08-2025,C053,P014,S023,1
31-05-2025,C058,P006,S005,3
06-03-2025,C006,P014,S006,4
14-09-2025,C070,P016,S029,4
02-06-2025,C043,P003,S004,2
09-06-2025,C091,P017,S026,1
08-04-2025,C098,P006,S032,4
25-02-2025,C020,P004,S011,3
03-04-2025,C038,P004,S031,3
22-04-2025,C020,P017,S015,2
18-04-2025,C088,P008,S007,3
05-01-2025,C020,P004,S019,2
18-01-2025,C017,P003,S016,1
17-04-2025,C089,P023,S032,5
08-02-2025,C022,P015,S033,4
21-01-2025,C001,P002,S021,2
13-07-2025,C046,P024,S009,4
26-03-2025,C074,P020,S025,1
07-07-2025,C090,P019,S012,1
05-05-2025,C027,P018,S004,1
07-04-2025,C096,P013,S019,2
16-04-2025,C084,P006,S006,3
15-03-2025,C035,P024,S014,2
02-02-2025,C092,P025,S030,3
09-09-2025,C026,P004,S009,2
13-01-2025,C059,P023,S022,1
06-09-2025,C081,P008,S018,3
23-03-2025,C049,P018,S025,1
26-02-2025,C025,P010,S003,2
22-04-2025,C065,P015,S024,4
21-03-2025,C013,P002,S030,1
18-06-2025,C068,P014,S034,2
12-09-2025,C067,P024,S032,1
10-02-2025,C051,P010,S022,2
26-08-2025,C097,P019,S038,2
13-08-2025,C094,P007,S002,3
02-07-2025,C071,P013,S028,2
25-01-2025,C040,P010,S014,3
15-06-2025,C089,P021,S011,5
30-08-2025,C021,P020,S014,3
04-06-2025,C075,P024,S037,2
10-02-2025,C074,P013,S002,2
06-07-2025,C007,P004,S025,2
29-06-2025,C062,P015,S011,2
01-05-2025,C013,P010,S040,1
13-04-2025,C076,P018,S012,2
14-01-2025,C037,P022,S008,1
11-01-2025,C083,P020,S003,2
06-08-2025,C080,P006,S030,4
05-02-2025,C077,P004,S039,2
16-05-2025,C069,P004,S030,4
06-08-2025,C053,P004,S030,4
30-03-2025,C084,P024,S025,1
18-06-2025,C003,P023,S009,2
21-05-2025,C012,P021,S024,3
19-06-2025,C060,P023,S010,4
05-03-2025,C084,P022,S019,3
25-04-2025,C096,P021,S036,7
31-07-2025,C078,P023,S033,2
17-02-2025,C067,P013,S009,4
04-06-2025,C079,P021,S028,2
18-05-2025,C053,P007,S005,1
25-04-2025,C007,P009,S027,2
29-07-2025,C083,P011,S008,3
17-03-2025,C034,P020,S030,2
19-03-2025,C008,P015,S007,2
29-05-2025,C088,P012,S009,4
24-08-2025,C041,P005,S019,3
18-03-2025,C022,P011,S034,4
19-04-2025,C027,P018,S034,2
04-01-2025,C020,P025,S017,3
31-07-2025,C054,P018,S034,6
07-08-2025,C071,P003,S019,1
12-09-2025,C048,P017,S018,3
18-05-2025,C094,P003,S024,7
22-07-2025,C055,P004,S015,4
24-06-2025,C002,P014,S032,2
09-09-2025,C069,P012,S008,1
18-05-2025,C014,P015,S029,4
10-06-2025,C074,P014,S037,4
07-01-2025,C099,P022,S016,4
11-08-2025,C085,P005,S016,1
20-03-2025,C004,P020,S035,1
05-06-2025,C002,P001,S034,2
23-04-2025,C090,P003,S016,4
06-05-2025,C023,P007,S002,2
05-06-2025,C064,P018,S030,2
14-01-2025,C094,P015,S014,3
16-01-2025,C098,P008,S019,2
27-02-2025,C031,P016,S039,2
01-01-2025,C081,P003,S025,4
20-05-2025,C071,P015,S009,3
29-01-2025,C086,P012,S026,2
12-05-2025,C010,P004,S036,3
17-08-2025,C028,P020,S019,3
07-02-2025,C006,P014,S023,3
24-01-2025,C032,P023,S009,1
01-04-2025,C021,P022,S003,3
07-08-2025,C071,P015,S011,5
21-08-2025,C023,P013,S024,3
21-08-2025,C077,P019,S005,5
11-07-2025,C024,P013,S032,3
14-06-2025,C060,P015,S029,4
22-02-2025,C067,P025,S020,5
06-04-2025,C088,P019,S025,1
23-02-2025,C091,P002,S029,2
31-03-2025,C049,P010,S019,2
26-05-2025,C100,P023,S002,1
24-01-2025,C029,P013,S039,1
07-01-2025,C061,P021,S033,2
07-06-2025,C064,P018,S029,2
12-05-2025,C014,P024,S001,2
02-03-2025,C096,P025,S031,1
05-02-2025,C025,P011,S032,5
18-07-2025,C023,P025,S001,3
23-08-2025,C087,P018,S010,3
14-02-2025,C037,P025,S029,4
29-04-2025,C077,P008,S015,3
13-09-2025,C087,P004,S022,3
15-01-2025,C023,P007,S022,5
07-03-2025,C094,P008,S001,1
11-02-2025,C068,P015,S034,4
14-02-2025,C050,P018,S026,1
03-07-2025,C032,P003,S014,2
14-06-2025,C050,P009,S012,2
30-06-2025,C051,P001,S008,4
13-01-2025,C060,P021,S008,1
03-04-2025,C045,P024,S035,3
02-06-2025,C074,P005,S007,4
26-05-2025,C079,P022,S039,6
08-09-2025,C072,P025,S016,4
03-02-2025,C043,P021,S006,2
18-05-2025,C094,P004,S002,2
29-03-2025,C011,P009,S024,3
09-03-2025,C012,P023,S030,3
12-09-2025,C096,P014,S012,1
14-02-2025,C062,P024,S039,2
31-03-2025,C026,P005,S035,1
12-07-2025,C041,P006,S030,3
18-04-2025,C022,P013,S007,5
22-01-2025,C075,P023,S031,2
19-05-2025,C079,P018,S031,1
23-06-2025,C087,P016,S031,3
17-07-2025,C044,P006,S032,2
28-05-2025,C087,P018,S011,3
05-08-2025,C012,P025,S028,3
25-06-2025,C047,P006,S032,4
01-01-2025,C012,P020,S040,2
08-03-2025,C073,P016,S022,1
03-09-2025,C074,P021,S015,4
06-01-2025,C021,P016,S023,1
13-04-2025,C018,P008,S032,3
06-01-2025,C034,P021,S024,3
11-07-2025,C044,P018,S024,3
30-03-2025,C002,P013,S021,5
02-05-2025,C039,P004,S004,3
16-03-2025,C042,P022,S021,6
30-08-2025,C084,P025,S010,3
28-04-2025,C049,P013,S009,4
27-07-2025,C046,P012,S032,1
03-01-2025,C034,P006,S027,5
28-07-2025,C038,P014,S013,3
19-01-2025,C036,P016,S039,2
05-04-2025,C048,P013,S024,2
21-05-2025,C006,P002,S036,4
01-04-2025,C021,P001,S032,2
01-08-2025,C064,P010,S016,6
20-03-2025,C055,P010,S039,6
25-07-2025,C076,P002,S032,5
30-07-2025,C047,P022,S016,3
29-07-2025,C033,P019,S004,1
12-06-2025,C044,P020,S032,4
07-06-2025,C047,P002,S023,3
09-09-2025,C009,P007,S004,4
21-02-2025,C063,P001,S027,1
08-02-2025,C093,P024,S007,2
10-06-2025,C048,P003,S027,4
17-07-2025,C025,P007,S034,2
21-01-2025,C032,P017,S020,2
23-03-2025,C040,P018,S001,1
23-03-2025,C054,P018,S035,2
05-05-2025,C059,P018,S010,4
08-02-2025,C086,P021,S026,3
09-09-2025,C012,P016,S023,5
18-01-2025,C026,P015,S007,3
04-06-2025,C062,P008,S026,2
16-05-2025,C005,P004,S039,1
26-03-2025,C060,P005,S040,6
04-03-2025,C045,P022,S039,2
08-09-2025,C050,P003,S035,6
05-04-2025,C024,P021,S028,4
02-05-2025,C045,P011,S011,6
11-07-2025,C020,P022,S031,7
31-05-2025,C016,P018,S026,1
26-08-2025,C099,P022,S038,2
06-09-2025,C059,P016,S008,5
23-08-2025,C011,P001,S031,3
11-01-2025,C007,P011,S016,1
18-04-2025,C089,P004,S003,2
17-03-2025,C077,P010,S010,3
18-02-2025,C051,P023,S003,1
15-08-2025,C084,P005,S008,3
28-04-2025,C054,P011,S008,2
15-05-2025,C067,P007,S023,5
17-06-2025,C086,P024,S030,3
17-04-2025,C081,P007,S017,3
19-07-2025,C014,P021,S023,2
20-04-2025,C031,P016,S022,2
10-08-2025,C053,P012,S032,1
23-08-2025,C050,P022,S012,2
08-07-2025,C066,P007,S032,2
02-02-2025,C069,P013,S013,4
08-01-2025,C091,P018,S009,3
08-08-2025,C048,P006,S036,1
13-01-2025,C030,P018,S023,3
24-04-2025,C076,P005,S037,5
21-06-2025,C015,P006,S030,4
10-08-2025,C058,P014,S039,4
15-06-2025,C041,P022,S020,5
30-03-2025,C046,P007,S012,1
20-01-2025,C023,P014,S012,3
30-07-2025,C011,P003,S004,2
13-09-2025,C067,P013,S036,3
10-07-2025,C031,P021,S018,5
02-03-2025,C028,P021,S034,2
16-03-2025,C003,P009,S036,2
17-03-2025,C073,P019,S038,1
04-06-2025,C080,P010,S023,3
22-08-2025,C039,P007,S025,3
09-02-2025,C003,P025,S031,3
07-03-2025,C040,P024,S001,2
04-06-2025,C054,P022,S007,3
02-05-2025,C005,P007,S010,1
14-08-2025,C060,P009,S015,1
04-01-2025,C049,P020,S034,4
28-05-2025,C085,P013,S036,3
02-02-2025,C070,P002,S005,4
10-09-2025,C060,P007,S019,3
09-02-2025,C064,P015,S033,2
26-06-2025,C032,P024,S034,2
05-06-2025,C040,P009,S032,1
15-02-2025,C084,P019,S015,2
12-05-2025,C007,P012,S015,3
23-06-2025,C070,P015,S004,2
25-02-2025,C063,P023,S029,4
16-04-2025,C022,P021,S019,2
13-01-2025,C093,P019,S016,1
20-08-2025,C040,P015,S017,7
16-05-2025,C050,P021,S032,3
29-08-2025,C030,P008,S010,1
18-06-2025,C028,P015,S037,1
11-09-2025,C047,P017,S003,3
07-03-2025,C089,P005,S015,3
23-04-2025,C064,P022,S030,4
10-05-2025,C071,P013,S020,3
08-05-2025,C036,P013,S022,4
10-02-2025,C087,P022,S032,4
03-05-2025,C027,P020,S039,3
29-08-2025,C067,P021,S029,2
17-06-2025,C032,P002,S018,1
06-06-2025,C022,P012,S040,4
25-04-2025,C006,P018,S016,3
21-05-2025,C077,P018,S011,3
16-05-2025,C022,P024,S022,3
05-06-2025,C038,P016,S002,2
08-04-2025,C018,P002,S013,2
16-08-2025,C079,P010,S029,6
17-08-2025,C011,P021,S033,2
06-05-2025,C083,P010,S032,4
24-08-2025,C041,P023,S001,3
17-07-2025,C037,P009,S039,2
02-04-2025,C057,P008,S017,5
30-03-2025,C076,P018,S014,1
11-01-2025,C100,P025,S001,2
27-05-2025,C024,P006,S010,1
03-05-2025,C048,P012,S011,3
03-09-2025,C022,P017,S040,2
04-06-2025,C069,P015,S026,2
15-01-2025,C006,P011,S004,2
27-03-2025,C006,P014,S033,2
05-06-2025,C002,P007,S013,2
30-06-2025,C029,P021,S013,1
26-03-2025,C093,P015,S003,3
25-07-2025,C057,P008,S035,3
21-06-2025,C004,P008,S019,1
22-02-2025,C072,P002,S033,2
03-03-2025,C067,P022,S038,1
12-04-2025,C083,P015,S009,2
27-05-2025,C046,P025,S004,4
19-02-2025,C016,P020,S014,2
24-02-2025,C050,P002,S006,1
21-07-2025,C047,P004,S037,2
27-05-2025,C025,P002,S039,1
28-08-2025,C093,P015,S022,3
20-02-2025,C034,P008,S033,4
11-02-2025,C054,P022,S038,3
13-01-2025,C076,P013,S031,2
24-01-2025,C006,P021,S021,2
02-03-2025,C048,P010,S024,3
17-06-2025,C085,P010,S020,4
11-04-2025,C059,P004,S009,5
21-06-2025,C055,P009,S034,1
24-02-2025,C033,P020,S013,4
11-09-2025,C005,P005,S033,1
04-02-2025,C012,P003,S006,3
06-07-2025,C094,P005,S006,3
13-04-2025,C012,P002,S025,2
25-01-2025,C041,P003,S020,2
21-01-2025,C097,P001,S016,1
06-04-2025,C077,P004,S020,2
21-02-2025,C094,P013,S019,3
18-03-2025,C021,P009,S008,2
13-06-2025,C038,P024,S032,3
21-01-2025,C018,P022,S036,4
08-07-2025,C019,P016,S006,2
23-07-2025,C065,P007,S021,3
08-07-2025,C017,P011,S025,7
05-02-2025,C068,P005,S029,4
09-06-2025,C064,P012,S030,2
08-02-2025,C076,P023,S016,2
12-08-2025,C015,P016,S003,3
21-01-2025,C010,P007,S038,6
12-03-2025,C042,P007,S003,2
12-04-2025,C074,P019,S035,4
09-02-2025,C039,P006,S037,1
13-06-2025,C009,P010,S003,2
12-09-2025,C037,P025,S015,5
21-06-2025,C035,P009,S007,3
11-02-2025,C063,P011,S012,3
19-04-2025,C002,P021,S013,2
15-03-2025,C009,P017,S037,2
20-06-2025,C088,P010,S026,2
05-07-2025,C001,P007,S002,4
02-03-2025,C089,P007,S030,5
23-06-2025,C091,P003,S013,4
15-03-2025,C041,P023,S021,2
22-08-2025,C011,P009,S028,3
05-03-2025,C099,P015,S030,2
28-06-2025,C045,P009,S015,2
13-07-2025,C028,P012,S014,3
21-03-2025,C081,P015,S035,4
31-03-2025,C049,P021,S025,3
16-03-2025,C032,P017,S027,1
21-02-2025,C010,P018,S014,2
03-04-2025,C039,P001,S012,4
16-01-2025,C019,P020,S029,3
28-01-2025,C083,P009,S008,4
21-08-2025,C006,P004,S004,1
29-03-2025,C055,P022,S001,4
13-01-2025,C095,P008,S028,1
22-01-2025,C030,P007,S037,2
05-05-2025,C097,P011,S030,2
01-01-2025,C097,P005,S010,3
05-09-2025,C025,P008,S018,1
19-08-2025,C048,P003,S035,4
03-09-2025,C086,P009,S008,2
03-01-2025,C072,P015,S021,4
12-04-2025,C037,P006,S015,1
30-06-2025,C078,P018,S033,4
19-05-2025,C072,P023,S018,3
07-01-2025,C002,P004,S035,1
12-01-2025,C039,P015,S035,2
12-04-2025,C061,P023,S007,5
30-03-2025,C094,P005,S007,4
04-03-2025,C030,P014,S032,2
06-01-2025,C082,P025,S025,4
01-07-2025,C009,P005,S018,4
15-09-2025,C089,P004,S018,1
29-01-2025,C066,P006,S005,2
08-04-2025,C003,P022,S001,1
03-08-2025,C068,P007,S017,2
05-07-2025,C003,P012,S020,3
22-02-2025,C095,P021,S016,4
27-04-2025,C013,P008,S027,6
22-02-2025,C027,P018,S023,3
17-04-2025,C076,P007,S015,2
08-07-2025,C042,P003,S036,5
13-03-2025,C074,P016,S021,3
08-03-2025,C043,P012,S024,5
18-05-2025,C075,P013,S038,1
05-03-2025,C047,P023,S003,4
13-02-2025,C041,P007,S028,3
26-01-2025,C047,P023,S013,2
16-07-2025,C055,P007,S037,1
02-04-2025,C005,P018,S027,2
09-03-2025,C015,P004,S002,5
20-06-2025,C067,P008,S005,2
11-02-2025,C006,P021,S037,1
22-03-2025,C057,P014,S031,2
23-01-2025,C008,P005,S020,1
22-01-2025,C078,P015,S011,3
15-01-2025,C041,P004,S022,2
09-01-2025,C034,P006,S038,1
09-02-2025,C014,P006,S018,2
03-02-2025,C017,P009,S037,1
19-03-2025,C100,P007,S007,1
29-01-2025,C040,P022,S012,3
22-08-2025,C045,P023,S020,2
02-02-2025,C069,P013,S014,5
12-05-2025,C049,P015,S020,3
12-03-2025,C085,P004,S015,2
14-02-2025,C036,P013,S009,2
15-01-2025,C038,P009,S016,3
14-04-2025,C014,P016,S013,4
04-01-2025,C047,P001,S005,2
12-06-2025,C088,P011,S017,4
07-04-2025,C071,P007,S003,5
28-01-2025,C097,P018,S030,3
17-08-2025,C097,P009,S022,2
15-06-2025,C008,P024,S005,2
20-04-2025,C066,P013,S022,1
06-03-2025,C027,P005,S018,2
26-05-2025,C054,P023,S031,3
04-05-2025,C034,P007,S015,1
01-04-2025,C005,P023,S039,1
07-05-2025,C032,P016,S003,4
29-03-2025,C004,P002,S023,2
05-06-2025,C100,P010,S030,3
27-08-2025,C014,P003,S012,1
08-04-2025,C096,P001,S028,4
26-03-2025,C056,P002,S026,2
29-03-2025,C014,P022,S036,3
14-01-2025,C037,P016,S006,3
10-06-2025,C046,P007,S037,2
14-02-2025,C088,P011,S023,2
02-09-2025,C056,P013,S005,2
14-03-2025,C097,P008,S026,2
17-03-2025,C061,P010,S039,4
24-02-2025,C056,P012,S030,1
06-03-2025,C039,P019,S027,2
11-02-2025,C077,P002,S028,5
27-01-2025,C037,P020,S020,3
22-04-2025,C057,P015,S016,4
12-08-2025,C030,P008,S017,2
19-08-2025,C041,P013,S029,3
13-09-2025,C095,P007,S016,4
15-06-2025,C091,P010,S019,4
15-05-2025,C075,P018,S037,3
20-08-2025,C082,P010,S006,3
12-06-2025,C072,P021,S023,4
19-02-2025,C080,P025,S027,2
07-04-2025,C020,P017,S016,3
08-02-2025,C076,P019,S004,2
16-04-2025,C069,P023,S028,4
21-01-2025,C074,P005,S004,1
22-06-2025,C093,P002,S026,4
09-05-2025,C039,P024,S018,3
02-06-2025,C059,P003,S004,4
06-07-2025,C052,P009,S029,1
24-04-2025,C028,P011,S002,2
26-04-2025,C083,P005,S018,1
15-01-2025,C096,P004,S015,1
12-07-2025,C027,P013,S012,1
05-05-2025,C042,P013,S018,1
19-04-2025,C052,P020,S004,3
14-02-2025,C028,P024,S029,3
07-07-2025,C012,P013,S001,1
08-01-2025,C020,P015,S010,2
23-08-2025,C025,P023,S022,3
29-04-2025,C028,P022,S010,1
08-07-2025,C022,P020,S039,1
14-09-2025,C072,P022,S023,2
22-08-2025,C094,P017,S039,6
03-03-2025,C006,P019,S013,1
30-04-2025,C055,P021,S006,2
16-06-2025,C061,P015,S035,2
02-01-2025,C036,P005,S009,1
17-06-2025,C065,P023,S015,4
07-02-2025,C062,P020,S011,2
13-07-2025,C059,P011,S013,3
18-03-2025,C088,P016,S032,3
27-05-2025,C015,P005,S004,1
16-07-2025,C085,P007,S020,2
15-08-2025,C098,P002,S014,9
04-08-2025,C090,P018,S011,4
16-07-2025,C060,P019,S036,1
14-06-2025,C065,P013,S027,2
13-09-2025,C070,P001,S039,2
08-05-2025,C019,P023,S021,3
21-05-2025,C090,P005,S019,2
16-06-2025,C050,P001,S019,3
27-01-2025,C073,P018,S013,3
04-07-2025,C089,P022,S026,4
08-05-2025,C081,P018,S002,5
17-08-2025,C097,P020,S037,3
29-04-2025,C013,P023,S009,3
24-04-2025,C029,P005,S031,2
04-03-2025,C099,P011,S022,3
03-01-2025,C046,P023,S013,1
16-04-2025,C008,P019,S023,3
17-01-2025,C018,P005,S022,4
12-05-2025,C097,P002,S006,3
24-01-2025,C095,P011,S029,5
05-01-2025,C087,P006,S027,2
13-03-2025,C057,P020,S034,3
06-02-2025,C068,P001,S024,2
10-02-2025,C062,P010,S010,4
28-06-2025,C056,P014,S008,2
01-05-2025,C069,P005,S025,3
10-09-2025,C099,P025,S013,2
06-04-2025,C023,P024,S033,1
05-01-2025,C056,P016,S019,5
27-05-2025,C003,P017,S028,5
23-03-2025,C047,P012,S019,2
21-04-2025,C056,P015,S015,2
28-04-2025,C100,P004,S021,3
31-01-2025,C062,P009,S039,2
19-07-2025,C041,P012,S007,5
09-02-2025,C066,P021,S018,1
18-02-2025,C065,P005,S026,2
26-04-2025,C003,P019,S037,2
01-01-2025,C040,P002,S038,1
28-01-2025,C055,P012,S013,2
05-04-2025,C015,P023,S012,2
31-03-2025,C028,P009,S029,2
26-01-2025,C021,P019,S014,4
19-08-2025,C060,P022,S034,2
08-09-2025,C024,P018,S004,3
12-01-2025,C043,P007,S035,1
18-04-2025,C056,P009,S022,3
04-09-2025,C010,P011,S009,2
02-03-2025,C067,P001,S025,1
03-04-2025,C042,P014,S012,2
01-05-2025,C062,P016,S007,4
15-09-2025,C091,P025,S020,2
10-07-2025,C034,P021,S033,3
16-01-2025,C009,P016,S008,2
09-03-2025,C002,P012,S016,4
28-06-2025,C042,P024,S030,5
28-08-2025,C077,P023,S022,4
07-08-2025,C097,P009,S040,1
14-03-2025,C045,P010,S026,3
13-07-2025,C052,P008,S006,2
11-08-2025,C013,P025,S007,2
06-05-2025,C064,P018,S022,1
17-03-2025,C016,P012,S006,3
24-08-2025,C091,P022,S031,1
18-06-2025,C058,P018,S009,3
26-07-2025,C012,P012,S015,2
04-02-2025,C036,P019,S024,2
10-08-2025,C019,P009,S008,3
20-04-2025,C066,P016,S011,2
10-03-2025,C043,P006,S021,2
02-02-2025,C034,P023,S037,3
19-01-2025,C085,P021,S010,1
01-08-2025,C059,P019,S004,4
07-06-2025,C054,P022,S016,3
19-02-2025,C081,P021,S003,1
04-09-2025,C011,P012,S026,1
18-01-2025,C010,P003,S037,2
23-02-2025,C022,P021,S008,3
13-06-2025,C070,P019,S010,5
20-01-2025,C069,P017,S008,4
06-01-2025,C083,P006,S033,2
23-04-2025,C051,P006,S036,3
19-05-2025,C080,P020,S009,3
08-03-2025,C044,P023,S012,5
05-01-2025,C018,P022,S011,2
12-04-2025,C058,P019,S028,1
07-07-2025,C047,P013,S037,5
12-06-2025,C097,P015,S040,3
05-03-2025,C083,P018,S006,1
14-09-2025,C069,P022,S025,2
03-06-2025,C061,P014,S022,5
18-04-2025,C061,P008,S034,5
21-05-2025,C011,P005,S002,2
03-02-2025,C083,P011,S025,2
20-05-2025,C073,P022,S038,1
17-03-2025,C016,P025,S029,1
04-02-2025,C091,P005,S001,2
03-01-2025,C002,P017,S024,2
06-01-2025,C085,P008,S040,2
10-03-2025,C042,P023,S026,3
11-01-2025,C007,P023,S008,3
30-07-2025,C039,P015,S018,1
24-06-2025,C051,P024,S037,2
10-06-2025,C076,P024,S030,4
25-07-2025,C026,P021,S020,3
31-05-2025,C070,P023,S032,2
31-07-2025,C044,P015,S026,4
05-08-2025,C047,P012,S013,2
02-03-2025,C024,P011,S010,2
19-04-2025,C075,P017,S019,5
29-08-2025,C096,P005,S034,2
06-04-2025,C032,P009,S008,2
07-05-2025,C088,P025,S039,2
02-05-2025,C054,P016,S004,1
07-04-2025,C057,P007,S027,4
15-04-2025,C043,P021,S006,2
10-04-2025,C051,P002,S001,2
08-06-2025,C090,P014,S016,4
24-08-2025,C089,P013,S039,5
09-05-2025,C023,P007,S018,1
27-01-2025,C087,P011,S028,2
14-01-2025,C047,P018,S037,6
25-06-2025,C070,P012,S017,2
11-02-2025,C018,P005,S015,3
29-03-2025,C033,P004,S039,3
20-05-2025,C058,P016,S015,4
21-02-2025,C053,P011,S031,5
23-08-2025,C072,P023,S002,3
13-05-2025,C031,P025,S020,1
26-04-2025,C020,P011,S026,3
18-05-2025,C020,P013,S010,5
02-09-2025,C009,P004,S037,1
18-03-2025,C021,P005,S012,3
01-08-2025,C096,P004,S037,2
27-07-2025,C049,P014,S035,2
10-02-2025,C048,P013,S030,3
05-02-2025,C100,P023,S027,3
09-03-2025,C024,P001,S040,1
22-07-2025,C001,P012,S015,3
17-07-2025,C065,P015,S036,4
29-03-2025,C097,P018,S001,4
09-05-2025,C019,P002,S019,1
08-07-2025,C058,P020,S031,4
26-03-2025,C064,P005,S027,3
05-07-2025,C066,P008,S008,4
02-04-2025,C083,P016,S007,1
03-05-2025,C021,P009,S035,2
24-04-2025,C017,P007,S026,2
12-01-2025,C041,P013,S037,4
11-01-2025,C098,P022,S018,4
21-06-2025,C012,P025,S016,4
02-08-2025,C038,P005,S013,3
29-05-2025,C005,P001,S020,2
07-08-2025,C032,P015,S026,3
19-06-2025,C080,P011,S008,4
25-04-2025,C004,P001,S010,3
10-06-2025,C082,P002,S001,3
13-05-2025,C010,P001,S005,3
11-07-2025,C002,P011,S034,1
11-04-2025,C047,P014,S005,3
14-03-2025,C066,P013,S027,2
28-04-2025,C075,P002,S030,2
15-03-2025,C069,P007,S005,2
23-06-2025,C070,P002,S029,2
24-01-2025,C090,P003,S023,3
11-02-2025,C084,P021,S003,6
28-01-2025,C004,P025,S026,1
28-02-2025,C095,P022,S030,2
03-06-2025,C085,P006,S002,2
22-05-2025,C071,P017,S036,5
07-08-2025,C072,P001,S008,3
04-03-2025,C014,P005,S019,3
07-02-2025,C057,P012,S038,3
16-02-2025,C042,P005,S012,2
31-05-2025,C059,P017,S039,3
27-06-2025,C058,P023,S028,4
26-05-2025,C026,P023,S040,4
17-02-2025,C062,P022,S009,2
16-08-2025,C065,P001,S031,3
07-03-2025,C095,P009,S036,8
08-01-2025,C025,P004,S002,1
09-02-2025,C038,P004,S033,3
24-07-2025,C034,P003,S026,1
01-09-2025,C055,P007,S023,6
29-08-2025,C074,P024,S022,3
30-04-2025,C077,P022,S040,1
21-07-2025,C081,P011,S025,1
31-05-2025,C054,P022,S035,4
15-04-2025,C097,P018,S003,4
22-08-2025,C022,P020,S011,2
25-01-2025,C051,P004,S011,2
05-04-2025,C052,P023,S002,2
15-03-2025,C073,P022,S026,2
11-04-2025,C019,P024,S010,1
01-09-2025,C074,P008,S031,3
08-07-2025,C087,P024,S017,5
23-07-2025,C001,P024,S003,3
22-04-2025,C097,P025,S004,4
12-02-2025,C019,P003,S018,2
29-04-2025,C081,P005,S002,5
12-01-2025,C017,P024,S016,2
04-03-2025,C073,P018,S023,2
04-08-2025,C046,P010,S019,4
03-02-2025,C043,P004,S036,2
24-02-2025,C017,P021,S039,3
24-03-2025,C018,P021,S033,2
27-01-2025,C081,P021,S022,5
07-05-2025,C055,P013,S003,3
04-04-2025,C098,P007,S017,3
04-05-2025,C073,P013,S035,4
16-01-2025,C019,P012,S010,4
13-05-2025,C041,P024,S005,2
07-05-2025,C032,P003,S018,1
04-07-2025,C098,P009,S007,2
20-03-2025,C053,P004,S032,3
17-02-2025,C045,P015,S030,2
01-01-2025,C100,P022,S028,3
16-02-2025,C003,P014,S002,2
08-02-2025,C044,P020,S040,1
03-03-2025,C049,P002,S028,2
24-02-2025,C004,P013,S010,1
15-07-2025,C084,P006,S026,1
05-02-2025,C061,P022,S024,4
07-08-2025,C066,P011,S006,2
12-05-2025,C083,P008,S030,3
31-05-2025,C060,P024,S032,3
07-04-2025,C069,P010,S010,1
05-08-2025,C065,P004,S004,2
21-08-2025,C067,P011,S038,2
02-08-2025,C087,P021,S024,2
17-06-2025,C051,P019,S005,5
04-06-2025,C027,P017,S039,5
31-05-2025,C034,P007,S001,3
03-02-2025,C046,P014,S039,4
28-01-2025,C031,P016,S025,3
21-06-2025,C018,P004,S013,3
08-01-2025,C044,P007,S005,4
01-04-2025,C083,P002,S032,2
20-07-2025,C076,P004,S023,3
30-01-2025,C032,P003,S028,2
18-03-2025,C025,P001,S016,4
05-04-2025,C001,P006,S037,1
24-04-2025,C052,P023,S016,1
03-05-2025,C083,P003,S002,4
24-05-2025,C056,P007,S040,2
05-05-2025,C026,P010,S037,1
18-01-2025,C010,P022,S004,1
19-01-2025,C097,P021,S013,4
04-01-2025,C083,P024,S040,1
18-02-2025,C056,P022,S016,2
23-04-2025,C024,P017,S005,4
19-05-2025,C033,P021,S012,3
27-04-2025,C093,P002,S038,3
05-09-2025,C073,P022,S029,4
24-04-2025,C043,P025,S011,2
14-06-2025,C078,P016,S033,3
22-01-2025,C064,P008,S001,3
31-07-2025,C042,P009,S025,4
29-06-2025,C055,P011,S009,2
01-04-2025,C034,P004,S002,4
16-02-2025,C096,P017,S014,4
11-04-2025,C072,P020,S034,1
13-07-2025,C089,P012,S021,3
26-01-2025,C087,P003,S018,3
04-08-2025,C048,P002,S034,5
17-01-2025,C017,P016,S006,2
09-01-2025,C019,P024,S032,3
05-05-2025,C074,P017,S011,4
01-09-2025,C039,P016,S035,1
03-06-2025,C082,P014,S017,3
07-03-2025,C066,P004,S026,2
15-05-2025,C094,P021,S005,4
21-07-2025,C019,P005,S022,2
20-03-2025,C039,P006,S011,1
13-04-2025,C047,P015,S010,4
23-06-2025,C076,P014,S010,2
23-04-2025,C063,P008,S018,5
30-03-2025,C022,P007,S013,3
02-08-2025,C078,P021,S006,3
30-05-2025,C034,P011,S026,2
17-08-2025,C011,P013,S040,3
18-04-2025,C094,P003,S031,3
08-06-2025,C056,P023,S031,5
06-02-2025,C070,P016,S012,3
19-04-2025,C020,P022,S031,4
09-09-2025,C041,P020,S039,2
01-04-2025,C059,P024,S038,4
23-07-2025,C031,P018,S021,5
05-07-2025,C088,P004,S035,2
17-02-2025,C044,P020,S040,2
05-03-2025,C097,P025,S014,2
23-06-2025,C084,P022,S002,4
15-06-2025,C020,P001,S006,1
21-01-2025,C095,P003,S019,4
13-06-2025,C035,P003,S037,2
23-04-2025,C013,P022,S011,4
04-04-2025,C088,P011,S006,3
23-02-2025,C088,P015,S023,3
24-02-2025,C096,P018,S010,1
28-01-2025,C083,P012,S019,5
07-07-2025,C076,P021,S005,1
19-06-2025,C013,P001,S030,5
12-02-2025,C042,P016,S008,2
15-03-2025,C070,P025,S028,3
15-08-2025,C046,P011,S036,4
13-07-2025,C061,P024,S039,4
09-04-2025,C087,P001,S035,1
12-08-2025,C051,P008,S011,2
29-03-2025,C073,P004,S001,1
09-04-2025,C029,P005,S010,2
12-06-2025,C060,P018,S027,3
14-08-2025,C007,P007,S010,1
13-05-2025,C068,P019,S040,3
25-06-2025,C092,P003,S033,2
11-07-2025,C072,P021,S039,1
20-01-2025,C093,P013,S026,2
22-05-2025,C100,P002,S025,2
15-08-2025,C092,P009,S007,4
03-06-2025,C028,P005,S039,3
14-08-2025,C047,P017,S040,3
04-01-2025,C015,P022,S022,1
12-08-2025,C063,P001,S025,2
03-08-2025,C024,P014,S010,4
04-08-2025,C039,P016,S005,5
08-03-2025,C079,P014,S028,3
06-06-2025,C033,P008,S008,3
01-08-2025,C057,P010,S011,3
19-02-2025,C022,P025,S035,1
14-03-2025,C100,P004,S034,1
25-02-2025,C042,P011,S036,3
26-05-2025,C087,P022,S038,3
30-08-2025,C090,P005,S031,1
27-02-2025,C090,P005,S032,4
24-03-2025,C075,P009,S001,3
09-07-2025,C048,P015,S005,1
01-09-2025,C003,P012,S022,3
01-07-2025,C017,P020,S037,2
23-01-2025,C017,P008,S006,4
22-04-2025,C096,P007,S001,1
05-09-2025,C033,P010,S037,5
10-09-2025,C074,P009,S032,2
16-06-2025,C049,P020,S034,3
31-08-2025,C067,P015,S010,4
15-07-2025,C078,P022,S021,3
19-06-2025,C056,P004,S001,1
13-07-2025,C074,P008,S002,1
04-03-2025,C071,P012,S005,2
26-05-2025,C077,P018,S027,4
28-01-2025,C093,P021,S024,2
10-06-2025,C006,P005,S032,1
02-09-2025,C054,P021,S011,2
22-05-2025,C072,P001,S034,1
03-06-2025,C056,P022,S035,5
04-03-2025,C018,P024,S036,3
07-08-2025,C041,P022,S017,4
20-06-2025,C016,P012,S006,2
06-01-2025,C059,P013,S030,6
22-04-2025,C076,P023,S001,4
14-01-2025,C020,P012,S034,3
19-08-2025,C043,P020,S020,2
12-01-2025,C074,P025,S020,3
07-08-2025,C012,P002,S033,4
15-08-2025,C085,P014,S032,4
27-04-2025,C062,P012,S019,2
11-07-2025,C025,P014,S036,3
09-09-2025,C059,P015,S037,5
07-05-2025,C059,P012,S010,4
26-06-2025,C045,P010,S029,3
13-05-2025,C074,P017,S020,1
12-02-2025,C016,P016,S033,3
08-07-2025,C091,P002,S040,3
22-03-2025,C082,P020,S011,6
30-04-2025,C010,P007,S009,1
23-02-2025,C035,P016,S024,1
23-01-2025,C094,P022,S034,6
10-05-2025,C046,P009,S026,2
02-08-2025,C057,P013,S008,2
18-06-2025,C086,P004,S027,5
01-07-2025,C016,P002,S008,2
12-07-2025,C054,P015,S022,2
14-01-2025,C046,P003,S031,3
13-01-2025,C059,P015,S009,2
03-01-2025,C097,P025,S007,1
22-05-2025,C030,P004,S008,3
15-06-2025,C008,P001,S010,4
19-08-2025,C053,P008,S012,4
29-01-2025,C081,P021,S006,1
17-07-2025,C099,P015,S016,4
08-06-2025,C057,P002,S038,2
30-07-2025,C065,P025,S040,1
28-03-2025,C010,P022,S001,3
07-07-2025,C053,P009,S010,7
20-01-2025,C094,P019,S025,3
22-05-2025,C009,P011,S002,3
28-01-2025,C082,P019,S038,3
23-01-2025,C030,P017,S027,3
11-06-2025,C091,P002,S018,4
10-07-2025,C071,P004,S034,4
11-03-2025,C045,P010,S031,3
10-08-2025,C095,P010,S039,5
30-08-2025,C075,P016,S004,2
18-01-2025,C055,P017,S026,3
30-08-2025,C046,P020,S039,3
01-08-2025,C049,P015,S005,4
22-04-2025,C060,P023,S017,3
12-09-2025,C020,P021,S001,2
18-01-2025,C079,P020,S040,2
29-06-2025,C070,P013,S007,1
08-06-2025,C060,P016,S036,2
19-01-2025,C051,P016,S012,2
19-06-2025,C073,P004,S034,3
25-08-2025,C016,P021,S010,5
24-05-2025,C018,P018,S013,2
29-01-2025,C051,P009,S032,2
06-04-2025,C058,P002,S017,3
12-04-2025,C047,P002,S014,3
16-01-2025,C086,P015,S008,5
05-09-2025,C092,P016,S031,5
08-04-2025,C091,P020,S009,4
06-04-2025,C074,P016,S014,2
12-09-2025,C060,P004,S031,3
13-04-2025,C052,P011,S005,3
08-02-2025,C021,P001,S027,3
05-01-2025,C090,P009,S016,3
20-03-2025,C040,P014,S011,3
28-05-2025,C022,P025,S030,3
18-02-2025,C009,P016,S036,4
24-08-2025,C050,P023,S034,3
16-08-2025,C083,P023,S001,3
20-06-2025,C099,P005,S017,5
19-04-2025,C077,P001,S020,1
14-03-2025,C010,P002,S011,5
25-08-2025,C007,P006,S037,4
12-09-2025,C019,P011,S005,4
25-03-2025,C054,P005,S021,1
17-01-2025,C086,P010,S027,2
07-02-2025,C017,P011,S005,3
19-04-2025,C029,P025,S030,3
02-01-2025,C100,P024,S006,3
09-09-2025,C020,P002,S024,1
18-04-2025,C088,P014,S025,1
20-08-2025,C042,P024,S037,3
19-04-2025,C099,P005,S017,2
02-03-2025,C082,P010,S024,2
28-03-2025,C009,P012,S013,3
12-02-2025,C061,P019,S004,1
28-02-2025,C045,P014,S008,2
01-07-2025,C086,P025,S028,1
14-09-2025,C020,P012,S002,1
07-09-2025,C068,P022,S020,3
08-02-2025,C032,P007,S011,2
07-05-2025,C098,P022,S026,5
13-06-2025,C019,P013,S029,2
29-06-2025,C076,P024,S037,7
25-01-2025,C050,P015,S027,3
13-04-2025,C024,P013,S019,3
11-07-2025,C064,P017,S030,3
20-03-2025,C079,P010,S021,1
23-05-2025,C041,P021,S003,3
21-05-2025,C048,P015,S033,1
16-05-2025,C017,P012,S005,3
06-09-2025,C045,P019,S033,2
13-05-2025,C022,P012,S009,2
05-03-2025,C086,P005,S035,2
14-07-2025,C051,P012,S010,3
26-04-2025,C054,P014,S026,2
12-08-2025,C052,P024,S029,7
06-08-2025,C048,P002,S007,2
15-07-2025,C033,P003,S008,3
10-09-2025,C069,P018,S015,2
30-08-2025,C062,P006,S015,4
06-03-2025,C018,P001,S005,4
06-05-2025,C022,P003,S020,5
16-03-2025,C018,P002,S019,2
02-04-2025,C031,P025,S026,3
01-08-2025,C047,P021,S016,3
13-05-2025,C047,P013,S012,6
29-01-2025,C096,P005,S008,3
30-08-2025,C097,P018,S014,6
05-09-2025,C014,P008,S025,2
05-09-2025,C066,P025,S012,4
15-09-2025,C003,P006,S039,6
11-06-2025,C034,P007,S021,2
13-05-2025,C071,P016,S040,4
06-02-2025,C051,P024,S003,1
12-03-2025,C068,P012,S026,2
08-09-2025,C013,P023,S014,1
22-02-2025,C090,P025,S020,3
02-06-2025,C009,P014,S024,2
19-03-2025,C020,P019,S020,2
01-09-2025,C083,P023,S032,3
11-08-2025,C092,P003,S008,3
19-02-2025,C043,P014,S033,2
08-02-2025,C003,P017,S002,6
02-06-2025,C025,P018,S016,1
26-04-2025,C090,P024,S004,1
12-08-2025,C018,P003,S009,1
14-07-2025,C044,P001,S032,2
18-07-2025,C025,P017,S032,2
10-03-2025,C065,P020,S031,4
20-01-2025,C031,P024,S039,3
03-09-2025,C020,P008,S004,4
09-04-2025,C079,P021,S026,1
17-06-2025,C019,P025,S007,2
30-01-2025,C095,P008,S036,5
14-07-2025,C043,P015,S022,2
11-05-2025,C047,P015,S029,1
27-04-2025,C016,P018,S015,3
18-03-2025,C039,P013,S012,3
14-07-2025,C094,P006,S002,3
01-01-2025,C043,P020,S013,3
22-06-2025,C095,P022,S026,2
06-04-2025,C014,P010,S018,3
14-09-2025,C066,P018,S006,1
03-04-2025,C022,P006,S006,3
01-05-2025,C052,P008,S008,3
20-07-2025,C007,P011,S001,4
10-02-2025,C066,P007,S010,2
13-09-2025,C014,P023,S035,3
20-07-2025,C079,P006,S027,2
24-01-2025,C021,P024,S035,3
20-02-2025,C049,P008,S025,3
17-01-2025,C021,P022,S013,2
07-02-2025,C011,P011,S039,2
01-09-2025,C058,P009,S016,1
11-03-2025,C059,P024,S013,3
11-07-2025,C090,P004,S003,1
13-02-2025,C068,P012,S005,2
13-03-2025,C065,P010,S015,2
24-05-2025,C096,P012,S028,4
28-02-2025,C044,P006,S002,3
17-01-2025,C074,P023,S008,2
11-01-2025,C008,P003,S021,3
22-07-2025,C034,P019,S032,4
16-01-2025,C042,P005,S015,4
09-09-2025,C047,P011,S020,5
10-04-2025,C043,P003,S037,4
24-04-2025,C048,P003,S039,2
09-01-2025,C005,P011,S004,3
14-07-2025,C041,P021,S032,2
28-02-2025,C035,P025,S035,3
14-03-2025,C027,P005,S006,2
28-05-2025,C042,P010,S004,2
04-03-2025,C099,P023,S016,2
07-03-2025,C023,P024,S001,3
12-08-2025,C012,P008,S029,6
02-01-2025,C066,P023,S032,2
13-02-2025,C096,P010,S036,3
07-05-2025,C080,P005,S033,3
05-08-2025,C015,P025,S019,2
15-07-2025,C050,P022,S010,1
21-02-2025,C023,P002,S019,3
13-06-2025,C090,P014,S027,3
12-03-2025,C014,P020,S038,4
19-07-2025,C094,P006,S026,1
28-02-2025,C004,P024,S012,4
25-04-2025,C059,P011,S036,2
28-05-2025,C030,P024,S006,2
25-03-2025,C051,P020,S020,3
13-06-2025,C035,P005,S019,3
01-09-2025,C069,P023,S011,2
04-08-2025,C047,P018,S012,2
09-05-2025,C064,P003,S016,3
31-03-2025,C083,P020,S006,2
06-06-2025,C063,P018,S007,3
15-08-2025,C098,P017,S032,2
21-03-2025,C011,P021,S025,3
29-05-2025,C006,P017,S010,2
19-07-2025,C054,P018,S035,3
23-06-2025,C027,P010,S030,3
07-03-2025,C063,P023,S030,3
25-06-2025,C027,P022,S017,2
17-04-2025,C061,P013,S020,4
30-08-2025,C018,P004,S018,4
09-06-2025,C088,P015,S015,2
02-08-2025,C020,P025,S012,1
17-07-2025,C037,P015,S039,2
17-08-2025,C023,P016,S038,5
07-01-2025,C078,P004,S025,2
15-01-2025,C091,P023,S023,2
18-07-2025,C085,P020,S039,1
12-04-2025,C055,P004,S035,1
15-04-2025,C019,P012,S035,2
16-02-2025,C008,P008,S039,2
04-03-2025,C002,P011,S001,3
04-06-2025,C023,P004,S024,4
08-07-2025,C006,P003,S014,2
06-03-2025,C020,P012,S033,3
26-03-2025,C055,P009,S020,2
24-06-2025,C060,P022,S015,1
17-03-2025,C037,P001,S022,3
07-03-2025,C094,P020,S028,2
02-08-2025,C080,P021,S002,2
08-05-2025,C088,P023,S015,3
02-02-2025,C054,P014,S022,5
19-07-2025,C002,P018,S039,2
25-06-2025,C024,P004,S026,2
08-05-2025,C089,P003,S023,3
28-05-2025,C055,P020,S021,3
06-01-2025,C022,P011,S027,1
19-01-2025,C060,P020,S032,3
17-07-2025,C011,P012,S015,3
07-01-2025,C090,P020,S038,4
15-06-2025,C033,P006,S005,2
24-01-2025,C073,P002,S013,4
30-06-2025,C059,P020,S012,3
07-06-2025,C017,P007,S009,2
03-08-2025,C070,P002,S024,4
13-05-2025,C002,P022,S033,2
04-01-2025,C098,P018,S003,2
15-08-2025,C054,P009,S014,3
16-08-2025,C022,P023,S020,1
14-04-2025,C021,P009,S009,4
17-08-2025,C010,P012,S034,1
03-01-2025,C021,P017,S017,2
23-01-2025,C099,P006,S022,1
08-06-2025,C023,P016,S003,5
23-06-2025,C089,P004,S031,2
05-09-2025,C091,P001,S028,4
02-08-2025,C023,P016,S016,3
06-08-2025,C071,P015,S025,5
24-06-2025,C065,P009,S001,3
08-09-2025,C084,P001,S031,3
19-08-2025,C080,P009,S022,1
29-04-2025,C079,P006,S003,2
24-05-2025,C080,P022,S040,2
12-07-2025,C021,P024,S005,5
20-06-2025,C020,P023,S014,3
09-08-2025,C013,P023,S008,4
04-09-2025,C009,P011,S018,3
27-03-2025,C079,P010,S024,2
20-05-2025,C047,P014,S023,1
17-03-2025,C092,P014,S024,3
02-04-2025,C069,P013,S034,2
01-06-2025,C034,P014,S026,2
13-03-2025,C062,P025,S037,2
12-06-2025,C043,P006,S037,2
02-05-2025,C039,P005,S034,1
13-07-2025,C041,P023,S005,2
10-05-2025,C076,P014,S019,4
27-04-2025,C012,P015,S020,4
21-03-2025,C061,P005,S014,2
03-06-2025,C042,P020,S013,3
06-07-2025,C087,P005,S034,3
13-03-2025,C016,P001,S004,1
04-04-2025,C099,P005,S028,3
05-06-2025,C010,P007,S034,4
31-08-2025,C005,P024,S011,3
20-06-2025,C026,P023,S035,3
01-08-2025,C004,P017,S021,1
20-06-2025,C018,P021,S016,4
12-08-2025,C009,P016,S027,1
09-09-2025,C026,P020,S026,2
21-03-2025,C085,P005,S010,1
10-05-2025,C034,P018,S028,3
14-01-2025,C078,P022,S018,3
07-08-2025,C072,P016,S004,2
23-04-2025,C087,P023,S015,3
08-05-2025,C073,P021,S012,2
16-03-2025,C008,P008,S033,3
25-07-2025,C065,P011,S011,3
01-09-2025,C065,P001,S008,3
17-01-2025,C078,P005,S029,2
25-03-2025,C094,P015,S017,1
18-06-2025,C046,P015,S040,2
24-04-2025,C099,P009,S013,4
01-05-2025,C065,P003,S028,3
23-02-2025,C022,P006,S036,3
25-05-2025,C013,P007,S019,4
16-08-2025,C095,P021,S002,4
14-06-2025,C046,P009,S033,3
06-07-2025,C066,P024,S011,3
26-02-2025,C088,P018,S027,3
01-09-2025,C092,P012,S020,5
20-05-2025,C041,P020,S007,4
30-04-2025,C012,P005,S001,4
01-02-2025,C071,P017,S013,4
16-08-2025,C083,P005,S001,4
15-02-2025,C024,P007,S033,1
28-07-2025,C099,P011,S006,3
10-03-2025,C084,P012,S008,3
18-03-2025,C043,P003,S038,1
14-05-2025,C049,P011,S014,2
04-03-2025,C068,P009,S016,2
11-02-2025,C067,P007,S028,5
19-04-2025,C053,P021,S033,4
13-01-2025,C074,P021,S020,3
08-02-2025,C071,P006,S031,2
04-02-2025,C002,P014,S007,3
15-08-2025,C080,P005,S029,1
01-03-2025,C017,P001,S031,2
14-03-2025,C089,P023,S002,3
28-06-2025,C040,P011,S030,2
06-05-2025,C055,P006,S039,2
18-07-2025,C053,P025,S022,3
11-08-2025,C092,P012,S006,2
09-06-2025,C075,P018,S010,3
23-03-2025,C078,P019,S020,3
18-04-2025,C072,P002,S002,3
04-07-2025,C038,P007,S040,6
08-09-2025,C028,P019,S031,2
10-09-2025,C031,P007,S038,3
10-02-2025,C032,P003,S001,2
06-08-2025,C062,P023,S027,3
12-02-2025,C014,P009,S040,2
12-03-2025,C048,P016,S019,2
17-02-2025,C065,P021,S011,2
31-05-2025,C003,P011,S017,2
16-03-2025,C095,P024,S031,1
24-02-2025,C072,P003,S033,5
14-02-2025,C066,P013,S013,2
13-04-2025,C059,P012,S020,3
29-06-2025,C045,P006,S017,2
01-01-2025,C084,P012,S039,1
05-08-2025,C049,P012,S030,3
11-09-2025,C031,P003,S036,2
12-09-2025,C063,P017,S017,3
17-05-2025,C068,P002,S005,4
28-05-2025,C012,P013,S022,1
24-07-2025,C043,P009,S005,3
28-03-2025,C063,P001,S007,3
23-05-2025,C024,P019,S028,2
30-05-2025,C077,P008,S001,3
02-06-2025,C005,P015,S017,2
10-07-2025,C058,P010,S014,2
24-02-2025,C001,P012,S012,4
18-02-2025,C077,P025,S011,3
01-09-2025,C008,P021,S001,2
21-04-2025,C076,P012,S018,1
31-01-2025,C061,P004,S017,5
14-04-2025,C032,P020,S023,3
04-03-2025,C033,P016,S020,2
21-02-2025,C077,P002,S029,2
17-03-2025,C031,P004,S010,3
17-08-2025,C026,P007,S021,3
06-07-2025,C010,P012,S026,5
12-06-2025,C074,P005,S029,2
22-04-2025,C012,P004,S009,4
07-06-2025,C077,P024,S037,3
01-09-2025,C059,P014,S029,6
05-03-2025,C060,P004,S034,3
21-04-2025,C047,P004,S014,4
13-01-2025,C006,P008,S031,5
21-01-2025,C028,P011,S010,4
12-02-2025,C054,P023,S020,1
07-02-2025,C029,P013,S030,3
12-09-2025,C027,P023,S031,6
28-04-2025,C094,P011,S022,3
20-02-2025,C070,P006,S019,4
07-03-2025,C088,P010,S016,1
18-03-2025,C072,P020,S004,3
31-03-2025,C079,P019,S020,3
06-03-2025,C073,P007,S005,4
12-03-2025,C067,P007,S036,3
17-02-2025,C052,P017,S018,4
06-05-2025,C032,P008,S020,2
09-08-2025,C031,P018,S026,1
16-01-2025,C048,P005,S037,2
08-09-2025,C089,P011,S030,4
10-07-2025,C048,P005,S021,2
21-02-2025,C032,P025,S036,4
31-01-2025,C046,P021,S010,4
04-07-2025,C031,P021,S001,3
08-05-2025,C048,P008,S013,2
21-08-2025,C036,P025,S028,2
03-03-2025,C055,P023,S009,3
27-04-2025,C055,P013,S010,2
22-04-2025,C017,P012,S019,2
05-03-2025,C052,P001,S040,3
20-08-2025,C015,P004,S015,4
12-01-2025,C044,P014,S012,5
14-04-2025,C059,P003,S017,1
16-06-2025,C087,P017,S032,5
12-02-2025,C038,P015,S028,2
27-07-2025,C024,P012,S030,4
18-07-2025,C043,P002,S017,2
21-07-2025,C033,P010,S006,2
05-02-2025,C050,P010,S014,1
17-08-2025,C009,P013,S039,4
31-03-2025,C076,P024,S010,3
08-03-2025,C091,P017,S034,1
31-08-2025,C021,P018,S015,2
06-09-2025,C098,P017,S024,4
14-07-2025,C008,P012,S028,3
04-01-2025,C074,P016,S016,2
23-02-2025,C099,P019,S022,4
13-06-2025,C074,P020,S021,6
03-08-2025,C015,P014,S010,3
07-08-2025,C060,P008,S026,3
02-03-2025,C034,P025,S017,1
08-07-2025,C015,P025,S018,2
26-04-2025,C100,P017,S025,1
05-05-2025,C056,P019,S026,4
18-07-2025,C100,P013,S019,2
01-06-2025,C082,P005,S020,2
20-03-2025,C007,P022,S026,2
26-01-2025,C075,P016,S033,2
22-05-2025,C025,P024,S008,4
07-05-2025,C010,P009,S008,1
08-07-2025,C037,P003,S006,1
23-07-2025,C090,P010,S001,4
30-07-2025,C014,P016,S040,3
03-09-2025,C026,P004,S002,2
27-01-2025,C017,P024,S027,3
20-05-2025,C058,P017,S010,2
05-08-2025,C028,P005,S007,5
09-08-2025,C042,P022,S037,2
01-02-2025,C062,P013,S028,2
13-02-2025,C015,P024,S010,6
17-01-2025,C016,P011,S023,5
26-08-2025,C090,P010,S027,2
16-05-2025,C092,P003,S001,3
11-09-2025,C077,P021,S031,1
08-06-2025,C021,P006,S026,3
15-09-2025,C021,P001,S026,3
05-03-2025,C060,P012,S013,3
10-05-2025,C027,P017,S003,3
01-04-2025,C025,P019,S032,2
02-03-2025,C081,P019,S026,3
17-02-2025,C045,P023,S036,2
29-08-2025,C045,P015,S015,3
01-08-2025,C084,P004,S032,2
09-08-2025,C078,P006,S035,3
01-05-2025,C008,P022,S008,3
07-07-2025,C051,P008,S038,6
28-06-2025,C012,P015,S008,2
29-01-2025,C001,P007,S020,3
13-02-2025,C089,P003,S020,2
21-02-2025,C044,P010,S021,4
04-06-2025,C063,P019,S036,1
28-01-2025,C040,P017,S003,1
27-07-2025,C011,P010,S029,2
13-08-2025,C070,P023,S020,1
02-07-2025,C061,P022,S039,2
06-04-2025,C063,P021,S035,2
19-02-2025,C013,P024,S015,4
02-03-2025,C024,P020,S012,3
05-01-2025,C029,P009,S039,4
06-08-2025,C094,P014,S009,5
27-01-2025,C054,P010,S020,5
17-03-2025,C033,P008,S039,5
16-03-2025,C005,P022,S037,4
08-09-2025,C004,P006,S013,5
09-03-2025,C077,P013,S010,3
23-05-2025,C018,P009,S004,4
15-01-2025,C081,P020,S016,3
23-07-2025,C075,P004,S001,1
02-06-2025,C074,P013,S015,3
29-05-2025,C018,P015,S033,2
15-02-2025,C081,P010,S023,3
01-02-2025,C081,P016,S038,1
26-04-2025,C082,P023,S024,3
20-05-2025,C054,P016,S031,1
04-01-2025,C053,P005,S015,3
08-03-2025,C004,P016,S004,3
09-05-2025,C013,P007,S038,3
10-06-2025,C032,P008,S028,2
19-01-2025,C027,P008,S013,4
14-09-2025,C093,P024,S025,3
12-05-2025,C098,P016,S032,2
31-08-2025,C018,P006,S013,3
14-06-2025,C045,P020,S002,3
03-09-2025,C081,P006,S009,2
18-07-2025,C095,P002,S038,5
19-02-2025,C011,P022,S023,5
15-07-2025,C065,P017,S027,1
15-01-2025,C012,P005,S018,3
10-09-2025,C022,P018,S013,6
15-03-2025,C060,P002,S036,2
25-06-2025,C023,P023,S020,3
16-07-2025,C072,P017,S032,4
22-08-2025,C002,P012,S013,3
05-06-2025,C094,P019,S017,3
13-02-2025,C014,P025,S016,4
13-03-2025,C092,P013,S034,1
30-05-2025,C090,P005,S032,3
13-05-2025,C039,P008,S019,4
18-03-2025,C031,P007,S040,4
15-06-2025,C081,P011,S010,4
09-01-2025,C081,P017,S037,4
27-04-2025,C067,P024,S018,2
27-05-2025,C055,P001,S034,3
07-09-2025,C011,P021,S029,4
24-08-2025,C043,P010,S023,1
22-02-2025,C069,P006,S024,2
02-03-2025,C037,P004,S007,1
07-03-2025,C042,P025,S026,1
14-05-2025,C048,P006,S014,3
18-01-2025,C077,P011,S020,2
30-01-2025,C014,P019,S034,2
23-07-2025,C064,P022,S035,3
14-09-2025,C020,P007,S022,4
20-03-2025,C006,P005,S013,3
17-05-2025,C097,P006,S019,2
26-06-2025,C052,P005,S024,6
18-04-2025,C090,P007,S040,2
27-07-2025,C077,P019,S002,3
04-03-2025,C033,P016,S032,2
15-05-2025,C024,P003,S005,3
25-06-2025,C038,P012,S001,1
17-05-2025,C078,P019,S040,3
22-04-2025,C026,P007,S040,2
12-08-2025,C026,P016,S005,2
25-08-2025,C058,P002,S004,4
12-09-2025,C075,P005,S015,4
17-08-2025,C079,P012,S020,2
09-08-2025,C006,P007,S007,3
20-03-2025,C071,P024,S012,2
16-07-2025,C088,P023,S008,2
20-01-2025,C100,P007,S006,3
08-06-2025,C073,P015,S022,2
17-01-2025,C044,P003,S010,4
06-02-2025,C053,P002,S008,6
27-04-2025,C095,P017,S001,2
25-04-2025,C086,P011,S034,2
04-05-2025,C020,P024,S020,2
17-03-2025,C009,P005,S018,2
18-03-2025,C094,P011,S006,3
21-05-2025,C036,P015,S010,3
28-02-2025,C100,P006,S020,1
11-03-2025,C056,P025,S010,3
22-02-2025,C081,P023,S028,1
29-07-2025,C043,P011,S007,3
08-08-2025,C085,P012,S005,2
23-04-2025,C058,P012,S006,2
22-08-2025,C006,P008,S034,4
09-06-2025,C022,P007,S032,3
15-08-2025,C090,P012,S026,1
15-05-2025,C090,P006,S004,2
02-04-2025,C012,P023,S038,2
02-05-2025,C057,P013,S001,2
25-06-2025,C070,P018,S002,4
09-04-2025,C080,P018,S037,2
04-02-2025,C076,P007,S037,1
15-02-2025,C014,P014,S002,4
04-05-2025,C065,P019,S005,2
15-01-2025,C024,P009,S020,3
15-05-2025,C086,P016,S034,1
22-05-2025,C099,P025,S034,2
17-03-2025,C099,P015,S007,2
17-07-2025,C015,P009,S004,1
25-07-2025,C093,P005,S002,1
25-07-2025,C053,P020,S009,4
05-07-2025,C071,P010,S005,4
20-02-2025,C019,P023,S028,4
11-03-2025,C051,P014,S021,2
08-07-2025,C079,P006,S028,2
26-04-2025,C005,P014,S001,3
06-04-2025,C031,P021,S015,1
10-01-2025,C045,P022,S023,2
14-03-2025,C021,P006,S015,2
09-05-2025,C015,P023,S009,2
19-07-2025,C027,P005,S014,1
15-07-2025,C039,P013,S024,5
07-05-2025,C014,P011,S034,1
03-02-2025,C062,P001,S027,2
23-07-2025,C070,P016,S017,1
08-08-2025,C028,P016,S018,4
13-09-2025,C087,P001,S012,5
13-08-2025,C054,P025,S001,2
27-07-2025,C063,P017,S018,2
13-04-2025,C003,P020,S010,4
19-08-2025,C053,P006,S012,1
01-06-2025,C057,P017,S023,3
24-05-2025,C077,P018,S011,1
03-03-2025,C002,P023,S009,5
08-05-2025,C027,P018,S008,2
09-02-2025,C066,P007,S012,4
15-07-2025,C067,P011,S012,5
05-07-2025,C011,P017,S025,4
01-08-2025,C048,P006,S026,3
12-08-2025,C055,P021,S003,1
31-01-2025,C079,P024,S007,2
22-01-2025,C013,P007,S034,4
28-04-2025,C012,P015,S013,1
25-05-2025,C048,P025,S032,2
13-09-2025,C018,P021,S034,3
24-04-2025,C058,P012,S026,3
30-08-2025,C047,P013,S010,3
26-04-2025,C001,P013,S031,4
21-03-2025,C048,P025,S006,3
09-05-2025,C088,P013,S023,2
01-02-2025,C066,P014,S004,4
01-03-2025,C001,P010,S003,3
05-09-2025,C038,P005,S014,4
10-01-2025,C078,P004,S012,1
28-02-2025,C003,P011,S007,1
20-05-2025,C054,P006,S036,4
11-08-2025,C049,P001,S039,3
16-05-2025,C085,P010,S020,2
03-07-2025,C087,P015,S028,1
08-03-2025,C049,P022,S037,2
17-08-2025,C002,P009,S014,2
20-03-2025,C022,P022,S040,3
06-05-2025,C061,P011,S019,2
18-04-2025,C001,P007,S026,1
09-04-2025,C016,P017,S007,1
21-01-2025,C098,P025,S012,3
17-01-2025,C036,P008,S035,4
19-03-2025,C097,P025,S034,2
03-04-2025,C074,P005,S037,4
08-02-2025,C089,P005,S035,1
02-03-2025,C029,P023,S014,6
19-04-2025,C085,P006,S031,2
19-06-2025,C042,P015,S032,4
01-02-2025,C072,P019,S012,4
16-02-2025,C051,P024,S009,1
03-06-2025,C022,P022,S036,3
07-09-2025,C043,P012,S009,4
10-04-2025,C067,P011,S012,6
12-09-2025,C026,P020,S013,3
31-07-2025,C004,P006,S022,5
03-09-2025,C086,P010,S011,3
03-04-2025,C050,P016,S028,4
15-06-2025,C021,P021,S003,2
24-07-2025,C087,P018,S022,4
07-03-2025,C005,P023,S037,2
04-08-2025,C030,P005,S028,2
25-05-2025,C090,P007,S036,3
13-07-2025,C079,P022,S023,1
24-06-2025,C027,P015,S039,7
20-02-2025,C075,P025,S001,1
31-07-2025,C006,P019,S015,3
03-07-2025,C010,P023,S021,2
17-03-2025,C056,P005,S003,3
08-07-2025,C060,P018,S009,1
18-06-2025,C021,P004,S030,1
17-05-2025,C081,P018,S008,2
08-09-2025,C091,P019,S020,1
11-08-2025,C012,P003,S017,3
23-08-2025,C016,P023,S034,3
15-05-2025,C093,P006,S022,2
27-02-2025,C031,P021,S028,2
21-02-2025,C042,P012,S040,5
23-06-2025,C015,P015,S005,2
11-07-2025,C054,P023,S036,5
03-05-2025,C032,P002,S034,4
04-03-2025,C048,P003,S007,2
03-08-2025,C020,P020,S007,4
01-09-2025,C072,P025,S001,4
12-03-2025,C074,P013,S028,3
14-08-2025,C070,P007,S028,3
18-05-2025,C082,P023,S013,3
07-06-2025,C013,P015,S040,3
13-02-2025,C037,P017,S040,4
05-05-2025,C090,P008,S020,2
11-06-2025,C055,P006,S001,4
12-04-2025,C039,P003,S003,5
31-08-2025,C031,P008,S020,6
07-01-2025,C087,P007,S025,3
08-05-2025,C021,P016,S006,4
02-04-2025,C007,P004,S033,1
21-07-2025,C072,P018,S034,2
25-01-2025,C019,P012,S019,2
15-09-2025,C074,P017,S037,6
21-02-2025,C093,P017,S009,1
15-04-2025,C053,P018,S036,6
15-02-2025,C091,P022,S022,1
29-03-2025,C023,P012,S012,1
24-08-2025,C076,P001,S031,2
14-05-2025,C002,P025,S020,4
08-03-2025,C059,P021,S023,4
11-02-2025,C099,P017,S002,5
22-03-2025,C048,P009,S036,3
27-01-2025,C083,P021,S012,2
15-07-2025,C015,P013,S017,5
02-04-2025,C042,P023,S024,2
22-07-2025,C004,P024,S040,4
31-05-2025,C085,P018,S029,3
03-02-2025,C006,P010,S019,3
17-05-2025,C066,P022,S007,1
10-02-2025,C077,P020,S001,2
25-04-2025,C089,P008,S030,2
22-03-2025,C032,P017,S009,2
21-05-2025,C037,P004,S037,1
11-01-2025,C098,P019,S025,2
16-03-2025,C029,P009,S001,3
06-08-2025,C027,P014,S024,2
01-08-2025,C083,P010,S002,3
23-02-2025,C010,P011,S011,2
14-06-2025,C093,P003,S035,3
28-01-2025,C001,P023,S036,2
25-07-2025,C078,P009,S014,3
03-09-2025,C075,P019,S027,2
11-02-2025,C021,P008,S012,1
15-09-2025,C079,P006,S013,1
10-06-2025,C048,P010,S009,3
12-05-2025,C026,P006,S039,5
07-05-2025,C075,P020,S003,2
11-08-2025,C026,P021,S010,2
10-07-2025,C016,P017,S004,3
07-07-2025,C070,P025,S003,5
27-03-2025,C053,P016,S025,3
14-03-2025,C013,P002,S019,3
13-08-2025,C090,P016,S008,3
15-06-2025,C078,P009,S002,4
18-07-2025,C067,P025,S004,4
26-05-2025,C011,P009,S013,4
13-03-2025,C042,P020,S021,2
11-08-2025,C053,P011,S005,2
25-05-2025,C004,P017,S024,1
28-04-2025,C013,P024,S018,1
09-03-2025,C098,P005,S033,4
28-01-2025,C086,P002,S013,2
23-02-2025,C010,P012,S039,3
02-07-2025,C053,P012,S004,2
24-07-2025,C073,P007,S005,7
04-09-2025,C073,P014,S017,3
03-03-2025,C088,P013,S034,4
24-02-2025,C042,P018,S005,1
09-08-2025,C056,P019,S022,1
23-05-2025,C007,P017,S015,4
09-01-2025,C031,P007,S005,3
18-03-2025,C030,P004,S009,1
12-08-2025,C066,P021,S023,3
31-01-2025,C079,P011,S012,3
24-04-2025,C030,P016,S024,3
10-04-2025,C100,P012,S023,2
03-07-2025,C035,P007,S022,3
14-02-2025,C009,P010,S026,5
17-03-2025,C073,P024,S029,3
31-03-2025,C065,P002,S005,2
15-03-2025,C049,P024,S002,2
05-01-2025,C043,P001,S025,1
08-08-2025,C082,P008,S003,3
08-03-2025,C028,P002,S019,3
06-02-2025,C002,P007,S032,2
29-04-2025,C009,P009,S024,3
04-03-2025,C088,P017,S030,5
16-04-2025,C084,P005,S038,1
19-02-2025,C002,P005,S020,2
22-06-2025,C086,P022,S026,6
06-07-2025,C100,P020,S016,2
07-06-2025,C065,P004,S032,3
19-05-2025,C007,P015,S001,4
05-01-2025,C079,P021,S011,4
20-03-2025,C036,P003,S020,6
04-09-2025,C089,P003,S010,2
27-07-2025,C071,P001,S020,2
14-03-2025,C038,P015,S013,5
18-05-2025,C024,P024,S013,2
24-05-2025,C060,P017,S006,4
07-04-2025,C096,P004,S037,1
10-01-2025,C055,P019,S021,5
10-06-2025,C071,P001,S001,2
16-04-2025,C089,P011,S027,2
18-05-2025,C042,P008,S006,3
22-02-2025,C037,P012,S005,4
25-05-2025,C039,P022,S007,3
08-04-2025,C003,P015,S021,5
12-07-2025,C021,P019,S026,3
23-08-2025,C019,P011,S012,2
17-08-2025,C021,P006,S037,4
09-05-2025,C006,P016,S029,3
26-06-2025,C083,P022,S025,2
18-02-2025,C001,P007,S031,2
23-02-2025,C018,P009,S008,3
29-07-2025,C038,P006,S003,4
27-04-2025,C096,P021,S039,4
22-02-2025,C050,P023,S020,3
08-03-2025,C072,P002,S038,3
05-03-2025,C065,P010,S024,3
10-06-2025,C084,P009,S016,4
27-03-2025,C082,P011,S027,2
23-05-2025,C098,P023,S038,2
04-07-2025,C033,P008,S032,2
01-07-2025,C100,P018,S027,2
08-06-2025,C030,P008,S019,5
30-03-2025,C072,P006,S032,5
27-05-2025,C069,P012,S027,4
10-02-2025,C055,P023,S008,4
08-09-2025,C098,P013,S035,5
15-07-2025,C080,P022,S016,3
16-06-2025,C036,P009,S020,3
11-03-2025,C096,P013,S035,2
18-05-2025,C019,P021,S039,2
15-04-2025,C053,P009,S019,5
09-02-2025,C066,P021,S008,3
29-01-2025,C059,P005,S033,1
16-06-2025,C002,P006,S018,1
20-01-2025,C086,P013,S018,2
02-01-2025,C044,P012,S019,1
10-09-2025,C002,P014,S033,2
22-01-2025,C058,P019,S013,6
13-03-2025,C025,P018,S025,5
08-08-2025,C040,P019,S040,1
09-04-2025,C014,P004,S001,2
13-09-2025,C085,P012,S022,4
01-03-2025,C098,P012,S036,4
03-03-2025,C012,P006,S020,3
11-03-2025,C100,P017,S037,3
29-08-2025,C064,P006,S005,3
16-08-2025,C007,P020,S001,3
07-04-2025,C072,P020,S034,1
30-04-2025,C034,P021,S038,2
14-07-2025,C022,P005,S018,1
01-07-2025,C071,P003,S039,5
04-08-2025,C043,P012,S017,4
06-03-2025,C082,P017,S017,2
21-08-2025,C037,P013,S036,2
01-01-2025,C085,P018,S030,5
10-07-2025,C073,P022,S033,1
25-08-2025,C091,P019,S009,3
08-04-2025,C038,P015,S026,2
07-08-2025,C094,P009,S010,2
04-07-2025,C050,P016,S030,2
24-03-2025,C095,P015,S036,5
03-04-2025,C087,P014,S010,1
08-08-2025,C068,P011,S039,1
15-02-2025,C041,P023,S034,2
16-08-2025,C002,P008,S002,3
14-01-2025,C041,P020,S015,4
28-02-2025,C036,P015,S003,2
03-06-2025,C011,P013,S003,2
30-01-2025,C046,P001,S040,3
25-02-2025,C054,P006,S011,4
13-08-2025,C068,P017,S040,2
08-05-2025,C039,P010,S037,5
10-06-2025,C082,P015,S011,3
18-01-2025,C036,P003,S032,2
22-04-2025,C092,P007,S019,3
10-01-2025,C033,P007,S010,3
30-05-2025,C058,P020,S024,7
28-08-2025,C017,P010,S025,4
18-08-2025,C082,P007,S018,2
30-01-2025,C081,P023,S034,1
17-06-2025,C079,P008,S005,2
29-08-2025,C034,P006,S030,3
05-08-2025,C036,P002,S005,2
01-02-2025,C050,P017,S027,3
27-01-2025,C022,P015,S026,1
25-04-2025,C074,P025,S039,5
29-05-2025,C042,P004,S001,2
11-03-2025,C062,P018,S013,3
09-07-2025,C047,P001,S020,3
15-02-2025,C003,P007,S011,4
22-07-2025,C035,P015,S024,1
30-01-2025,C032,P002,S030,3
16-02-2025,C029,P014,S019,2
28-07-2025,C014,P001,S006,3
11-03-2025,C064,P025,S024,3
31-07-2025,C097,P019,S015,4
14-08-2025,C060,P025,S019,1
30-08-2025,C005,P010,S027,1
26-05-2025,C042,P002,S002,4
13-01-2025,C052,P016,S010,1
22-06-2025,C056,P022,S009,2
25-07-2025,C009,P015,S019,2
06-06-2025,C092,P023,S018,2
13-07-2025,C073,P024,S018,3
12-08-2025,C002,P021,S038,3
05-01-2025,C079,P017,S026,4
15-07-2025,C084,P021,S036,3
29-07-2025,C050,P008,S026,2
21-03-2025,C064,P017,S034,4
04-07-2025,C008,P016,S037,3
31-01-2025,C036,P005,S008,4
20-04-2025,C049,P025,S036,3
14-08-2025,C045,P024,S014,4
08-01-2025,C023,P021,S004,4
14-05-2025,C047,P012,S036,1
13-04-2025,C043,P007,S022,1
24-03-2025,C065,P017,S039,3
01-03-2025,C013,P025,S003,4
18-06-2025,C040,P003,S007,8
23-03-2025,C063,P025,S006,3
20-02-2025,C028,P017,S031,5
21-08-2025,C001,P025,S033,2
12-03-2025,C043,P008,S035,1
23-05-2025,C083,P003,S011,3
16-08-2025,C095,P011,S009,4
24-04-2025,C014,P013,S001,2
06-08-2025,C096,P018,S022,1
15-04-2025,C037,P006,S011,2
10-01-2025,C001,P013,S008,3
23-04-2025,C003,P017,S031,2
30-08-2025,C036,P006,S011,3
11-08-2025,C068,P021,S035,3
02-06-2025,C053,P002,S010,2
08-06-2025,C072,P013,S022,1
31-05-2025,C060,P004,S031,1
04-07-2025,C014,P001,S019,3
29-07-2025,C087,P016,S009,4
30-05-2025,C073,P010,S040,4
09-02-2025,C089,P015,S031,2
21-06-2025,C050,P024,S009,2
05-08-2025,C064,P013,S011,4
10-05-2025,C028,P015,S020,3
01-04-2025,C061,P020,S039,2
05-01-2025,C008,P009,S001,4
16-02-2025,C028,P005,S038,4
28-02-2025,C009,P013,S032,4
11-05-2025,C086,P001,S030,3
25-01-2025,C099,P013,S013,3
20-01-2025,C085,P011,S040,6
06-06-2025,C076,P016,S007,1
30-03-2025,C006,P008,S029,1
11-08-2025,C099,P015,S032,6
05-08-2025,C036,P002,S001,2
16-06-2025,C026,P015,S008,4
27-01-2025,C074,P014,S009,1
03-06-2025,C059,P011,S005,7
20-07-2025,C049,P007,S026,2
19-03-2025,C027,P017,S002,2
30-08-2025,C099,P003,S002,6
18-05-2025,C071,P004,S011,2
11-02-2025,C061,P001,S035,3
09-04-2025,C041,P004,S035,3
19-02-2025,C069,P019,S023,2
02-08-2025,C027,P015,S029,5
27-04-2025,C053,P004,S021,4
26-07-2025,C062,P019,S009,2
12-01-2025,C011,P018,S029,3
01-08-2025,C059,P023,S039,4
27-06-2025,C057,P021,S017,4
31-08-2025,C038,P025,S037,4
15-08-2025,C049,P019,S031,3
21-02-2025,C014,P019,S007,3
09-05-2025,C026,P020,S029,5
11-08-2025,C036,P021,S004,3
02-05-2025,C013,P002,S026,5
25-07-2025,C005,P009,S013,3
27-05-2025,C069,P001,S007,1
01-05-2025,C039,P007,S011,3
23-08-2025,C097,P004,S007,3
31-08-2025,C034,P005,S034,3
18-08-2025,C039,P019,S001,2
27-02-2025,C095,P002,S016,1
30-04-2025,C006,P022,S014,3
09-06-2025,C079,P002,S022,4
02-07-2025,C029,P024,S018,4
29-08-2025,C061,P018,S011,2
25-04-2025,C042,P008,S027,3
09-05-2025,C080,P017,S030,1
20-01-2025,C038,P006,S010,2
07-07-2025,C079,P009,S026,5
24-06-2025,C058,P005,S022,3
08-02-2025,C071,P009,S017,4
18-03-2025,C012,P025,S033,4
10-09-2025,C009,P020,S024,1
24-08-2025,C022,P024,S023,2
31-01-2025,C028,P009,S031,3
07-09-2025,C006,P012,S019,3
20-05-2025,C020,P015,S023,3
05-07-2025,C098,P018,S033,3
12-06-2025,C067,P006,S028,3
22-05-2025,C093,P019,S034,2
16-07-2025,C089,P005,S014,2
12-01-2025,C072,P021,S040,2
19-08-2025,C080,P002,S023,4
31-08-2025,C002,P006,S027,2
18-01-2025,C086,P011,S023,1
30-06-2025,C049,P020,S023,2
15-09-2025,C076,P023,S001,2
29-01-2025,C035,P025,S026,4
23-08-2025,C041,P005,S001,5
19-02-2025,C058,P024,S022,4
21-01-2025,C092,P025,S025,5
22-06-2025,C056,P004,S040,3
05-03-2025,C037,P003,S011,2
28-06-2025,C040,P023,S024,4
18-08-2025,C088,P019,S040,1
28-01-2025,C073,P017,S013,5
07-05-2025,C041,P002,S012,2
27-05-2025,C036,P018,S021,3
25-01-2025,C049,P013,S027,4
26-02-2025,C008,P012,S024,1
13-02-2025,C016,P005,S026,3
15-03-2025,C024,P009,S006,4
25-02-2025,C082,P006,S006,2
15-08-2025,C081,P005,S009,2
29-05-2025,C015,P013,S002,1
19-02-2025,C059,P010,S030,3
16-06-2025,C053,P015,S011,1
08-04-2025,C035,P010,S032,2
27-03-2025,C005,P023,S039,3
23-02-2025,C051,P015,S034,2
18-06-2025,C100,P005,S039,1
21-06-2025,C079,P010,S027,2
05-08-2025,C013,P006,S017,4
23-01-2025,C073,P021,S026,3
24-04-2025,C082,P019,S007,1
12-06-2025,C070,P014,S031,5
29-08-2025,C062,P015,S022,5
17-01-2025,C085,P017,S038,3
14-09-2025,C068,P004,S031,2
25-05-2025,C033,P003,S020,4
27-07-2025,C091,P021,S027,3
07-05-2025,C092,P003,S006,1
07-09-2025,C039,P020,S040,5
15-01-2025,C062,P014,S002,2
15-08-2025,C015,P022,S014,3
27-08-2025,C056,P024,S038,4
24-02-2025,C043,P010,S030,1
12-01-2025,C085,P013,S018,2
28-05-2025,C018,P006,S021,2
03-08-2025,C062,P024,S005,2
10-04-2025,C092,P005,S034,3
26-05-2025,C077,P001,S034,3
07-03-2025,C008,P015,S004,2
14-09-2025,C056,P025,S009,3
09-08-2025,C063,P007,S006,1
03-03-2025,C069,P012,S014,3
08-09-2025,C020,P015,S035,3
15-02-2025,C015,P022,S027,3
16-06-2025,C036,P017,S030,5
19-07-2025,C096,P024,S016,1
31-07-2025,C031,P020,S016,2
01-07-2025,C034,P011,S018,3
10-02-2025,C065,P024,S023,2
17-07-2025,C048,P001,S019,4
22-03-2025,C008,P017,S006,1
14-08-2025,C010,P023,S019,5
16-06-2025,C016,P022,S037,2
04-03-2025,C035,P015,S016,5
01-05-2025,C052,P004,S037,3
05-07-2025,C014,P005,S028,5
28-01-2025,C013,P011,S014,4
09-05-2025,C087,P025,S009,4
15-01-2025,C088,P024,S009,2
30-04-2025,C061,P001,S040,4
29-05-2025,C084,P006,S001,3
15-09-2025,C014,P010,S020,3
07-08-2025,C011,P025,S020,2
27-03-2025,C055,P010,S040,4
14-08-2025,C086,P004,S018,3
03-04-2025,C083,P010,S002,2
19-05-2025,C078,P004,S004,3
28-06-2025,C090,P019,S019,2
20-04-2025,C037,P009,S004,5
25-03-2025,C074,P005,S029,1
14-01-2025,C098,P021,S022,5
21-01-2025,C018,P004,S040,3
13-05-2025,C024,P018,S017,1
02-03-2025,C017,P007,S001,2
31-01-2025,C080,P021,S040,3
15-06-2025,C056,P014,S018,1
18-07-2025,C004,P018,S018,2
20-03-2025,C056,P006,S034,1
30-04-2025,C003,P020,S008,2
06-06-2025,C027,P024,S023,2
02-04-2025,C028,P023,S003,4
01-06-2025,C042,P024,S027,3
06-08-2025,C029,P006,S034,2
24-03-2025,C018,P012,S028,1
24-01-2025,C001,P009,S033,1
06-01-2025,C092,P017,S005,3
01-06-2025,C073,P022,S013,3
31-08-2025,C071,P017,S023,1
13-05-2025,C087,P004,S028,1
17-08-2025,C090,P006,S007,2
04-09-2025,C009,P011,S002,2
14-07-2025,C013,P014,S023,2
21-04-2025,C057,P023,S004,1
08-06-2025,C031,P024,S028,4
02-04-2025,C034,P006,S033,3
02-03-2025,C017,P004,S026,3
04-07-2025,C054,P005,S019,2
28-08-2025,C065,P010,S018,3
31-05-2025,C011,P013,S008,1
18-03-2025,C051,P008,S015,3
22-05-2025,C007,P007,S008,3
26-03-2025,C078,P014,S011,2
07-03-2025,C038,P002,S024,2
26-03-2025,C052,P001,S015,3
12-07-2025,C082,P009,S035,4
12-06-2025,C095,P023,S023,6
09-05-2025,C096,P023,S006,4
26-07-2025,C076,P018,S034,2
25-03-2025,C024,P023,S040,4
10-05-2025,C046,P009,S038,2
19-01-2025,C048,P019,S036,1
12-01-2025,C012,P013,S033,4
01-09-2025,C062,P021,S013,2
05-01-2025,C063,P005,S013,2
27-05-2025,C027,P014,S038,2
01-09-2025,C035,P002,S005,4
13-02-2025,C007,P005,S011,1
28-01-2025,C091,P010,S030,3
12-05-2025,C069,P019,S017,4
04-03-2025,C006,P005,S037,2
04-01-2025,C069,P018,S027,2
25-07-2025,C080,P014,S039,4
01-03-2025,C034,P003,S025,3
01-06-2025,C034,P015,S004,1
05-06-2025,C036,P019,S004,2
23-01-2025,C091,P014,S001,3
03-03-2025,C073,P002,S023,5
22-02-2025,C052,P014,S003,2
17-08-2025,C063,P002,S019,2
08-05-2025,C023,P020,S028,3
09-03-2025,C061,P012,S027,1
23-04-2025,C009,P007,S028,1
31-05-2025,C058,P005,S009,2
07-09-2025,C098,P004,S037,2
21-02-2025,C088,P025,S009,4
16-06-2025,C048,P014,S028,1
21-07-2025,C013,P005,S021,3
05-05-2025,C090,P020,S014,1
20-06-2025,C063,P013,S011,1
13-04-2025,C082,P007,S005,3
08-06-2025,C029,P007,S010,1
04-06-2025,C093,P016,S013,1
05-06-2025,C001,P013,S022,1
21-08-2025,C042,P011,S025,1
04-06-2025,C035,P016,S010,1
15-01-2025,C016,P025,S018,5
01-08-2025,C094,P004,S021,2
22-04-2025,C079,P021,S007,2
03-04-2025,C028,P011,S032,2
20-07-2025,C099,P019,S003,2
28-05-2025,C072,P024,S003,1
09-02-2025,C084,P010,S033,4
02-01-2025,C055,P021,S004,4
25-01-2025,C006,P004,S030,5
11-01-2025,C021,P010,S013,1
08-07-2025,C002,P004,S008,5
15-01-2025,C015,P009,S012,2
07-09-2025,C034,P011,S023,1
23-07-2025,C084,P003,S022,3
26-02-2025,C040,P015,S031,7
21-08-2025,C081,P009,S039,3
04-03-2025,C059,P005,S030,4
14-02-2025,C019,P007,S020,4
03-02-2025,C022,P017,S025,1
26-02-2025,C016,P012,S037,2
22-02-2025,C002,P019,S019,2
27-05-2025,C081,P023,S033,5
16-04-2025,C047,P006,S019,2
02-04-2025,C024,P013,S003,2
15-06-2025,C037,P011,S036,3
04-01-2025,C034,P013,S016,3
08-05-2025,C029,P023,S023,2
20-08-2025,C035,P008,S021,4
16-02-2025,C030,P022,S037,1
21-08-2025,C048,P022,S035,1
30-05-2025,C091,P009,S039,3
01-05-2025,C015,P019,S033,3
26-06-2025,C017,P025,S036,2
19-07-2025,C049,P008,S017,5
01-03-2025,C022,P005,S029,5
27-07-2025,C010,P003,S011,2
25-06-2025,C097,P010,S011,5
01-08-2025,C064,P024,S038,2
07-02-2025,C058,P006,S029,4
07-08-2025,C038,P019,S004,3
17-01-2025,C085,P014,S040,4
12-08-2025,C066,P013,S013,3
27-02-2025,C013,P022,S001,1
24-03-2025,C031,P004,S003,3
22-08-2025,C001,P014,S013,5
03-05-2025,C054,P021,S040,4
26-03-2025,C033,P016,S019,2
06-02-2025,C068,P024,S019,2
19-07-2025,C042,P019,S007,5
18-08-2025,C100,P012,S033,1
16-08-2025,C002,P001,S022,5
05-09-2025,C017,P006,S013,2
03-06-2025,C021,P023,S012,2
09-08-2025,C084,P020,S009,4
03-08-2025,C076,P024,S010,3
16-04-2025,C070,P020,S040,1
03-06-2025,C065,P018,S021,2
16-03-2025,C084,P008,S028,2
25-05-2025,C034,P020,S017,2
26-07-2025,C032,P002,S008,2
31-08-2025,C028,P002,S014,3
21-02-2025,C056,P006,S017,2
15-09-2025,C008,P004,S034,1
23-01-2025,C030,P007,S024,1
02-06-2025,C079,P019,S006,2
06-02-2025,C047,P002,S035,1
29-01-2025,C013,P012,S031,4
10-03-2025,C034,P006,S038,1
15-03-2025,C002,P005,S034,2
21-07-2025,C069,P018,S006,3
02-09-2025,C001,P012,S020,4
30-04-2025,C038,P022,S034,3
07-09-2025,C051,P021,S037,3
11-03-2025,C046,P006,S004,3
15-02-2025,C032,P016,S005,4
28-08-2025,C035,P021,S035,1
30-06-2025,C007,P002,S019,2
03-09-2025,C028,P007,S035,6
13-04-2025,C006,P011,S020,2
18-08-2025,C079,P001,S006,1
18-05-2025,C036,P016,S013,1
06-09-2025,C066,P019,S040,3
01-05-2025,C023,P022,S005,4
04-05-2025,C035,P003,S037,2
01-07-2025,C022,P021,S040,3
20-02-2025,C055,P005,S017,3
07-02-2025,C059,P014,S037,6
14-05-2025,C023,P001,S026,3
03-08-2025,C071,P023,S017,3
07-01-2025,C050,P007,S030,4
31-03-2025,C082,P016,S029,3
03-07-2025,C074,P010,S019,1
13-02-2025,C044,P011,S026,4
09-05-2025,C007,P021,S031,3
18-04-2025,C097,P024,S015,2
07-06-2025,C094,P014,S006,2
26-08-2025,C011,P021,S006,5
02-09-2025,C081,P007,S032,3
11-03-2025,C062,P016,S033,4
03-05-2025,C034,P013,S009,2
25-07-2025,C089,P019,S007,2
30-05-2025,C025,P003,S002,4
19-07-2025,C001,P023,S014,3
08-04-2025,C016,P015,S006,4
10-02-2025,C097,P025,S030,2
23-08-2025,C009,P004,S032,2
21-06-2025,C060,P014,S004,2
02-01-2025,C055,P003,S019,3
13-08-2025,C081,P011,S027,4
25-05-2025,C045,P013,S026,2
26-05-2025,C011,P007,S029,1
23-06-2025,C026,P020,S026,1
02-05-2025,C027,P024,S038,3
23-05-2025,C045,P021,S033,3
30-07-2025,C071,P016,S004,5
25-07-2025,C086,P004,S012,3
13-07-2025,C022,P016,S029,3
17-01-2025,C043,P003,S010,2
09-04-2025,C042,P017,S006,2
25-01-2025,C077,P002,S007,2
24-03-2025,C026,P020,S009,4
02-02-2025,C022,P014,S018,3
17-02-2025,C083,P022,S028,3
15-01-2025,C023,P007,S013,2
05-01-2025,C089,P016,S031,3
16-04-2025,C089,P022,S001,2
23-03-2025,C042,P019,S021,2
08-04-2025,C073,P006,S035,5
15-02-2025,C100,P015,S025,2
29-01-2025,C084,P012,S003,1
27-01-2025,C021,P013,S001,2
03-04-2025,C054,P003,S016,3
04-07-2025,C005,P003,S020,2
08-04-2025,C050,P014,S021,5
05-09-2025,C023,P012,S036,2
25-08-2025,C099,P022,S016,3
26-06-2025,C100,P023,S026,2
21-03-2025,C058,P008,S028,1
27-08-2025,C054,P002,S014,6
10-05-2025,C025,P004,S012,6
27-03-2025,C048,P006,S017,2
17-03-2025,C048,P015,S035,4
06-08-2025,C017,P016,S014,3
16-06-2025,C009,P023,S035,2
15-07-2025,C012,P013,S017,2
27-04-2025,C047,P006,S020,5
04-05-2025,C083,P020,S040,3
18-05-2025,C073,P002,S010,2
23-07-2025,C061,P016,S017,2
02-04-2025,C029,P017,S003,4
19-08-2025,C004,P006,S030,2
19-04-2025,C020,P006,S011,5
30-08-2025,C095,P024,S004,2
22-02-2025,C015,P015,S039,1
08-02-2025,C046,P003,S019,2
10-06-2025,C026,P014,S026,4
20-03-2025,C039,P020,S040,2
03-03-2025,C051,P008,S001,2
11-03-2025,C021,P024,S028,2
05-05-2025,C060,P012,S038,2
19-08-2025,C017,P021,S029,3
01-05-2025,C063,P006,S034,3
04-05-2025,C032,P007,S011,2
07-02-2025,C063,P021,S005,4
21-03-2025,C062,P001,S025,5
13-02-2025,C099,P020,S019,4
24-03-2025,C043,P014,S032,6
27-04-2025,C029,P001,S013,1
23-01-2025,C073,P016,S003,3
10-06-2025,C077,P013,S040,2
11-03-2025,C060,P006,S004,3
14-05-2025,C071,P006,S021,2
22-02-2025,C091,P017,S018,2
15-02-2025,C044,P024,S038,2
10-07-2025,C045,P015,S032,1
19-08-2025,C081,P013,S028,2
31-03-2025,C100,P010,S023,3
25-08-2025,C082,P009,S030,2
02-06-2025,C029,P010,S019,3
21-05-2025,C033,P001,S008,3
14-07-2025,C019,P022,S016,2
29-07-2025,C057,P021,S040,3
19-06-2025,C083,P023,S019,3
23-06-2025,C098,P021,S004,6
14-07-2025,C093,P011,S026,3
06-06-2025,C055,P013,S037,4
25-05-2025,C063,P003,S028,2
10-09-2025,C044,P015,S009,3
17-08-2025,C037,P021,S012,5
04-09-2025,C087,P016,S031,1
04-07-2025,C072,P024,S027,4
09-04-2025,C100,P012,S030,2
21-05-2025,C081,P021,S029,2
28-03-2025,C074,P002,S019,4
26-03-2025,C097,P017,S009,2
10-05-2025,C002,P015,S032,3
31-08-2025,C005,P006,S018,1
08-09-2025,C019,P019,S018,1
07-07-2025,C068,P017,S018,1
11-09-2025,C071,P017,S008,3
19-08-2025,C022,P002,S033,2
11-06-2025,C003,P013,S008,2
28-03-2025,C058,P004,S031,4
10-09-2025,C053,P025,S036,2
09-05-2025,C049,P008,S034,3
14-08-2025,C006,P003,S017,4
31-08-2025,C015,P016,S040,3
03-04-2025,C079,P013,S023,4
14-03-2025,C016,P002,S001,3
14-09-2025,C036,P002,S017,6
20-04-2025,C014,P012,S021,2
14-03-2025,C073,P007,S032,5
13-02-2025,C032,P004,S036,4
26-05-2025,C035,P022,S017,2
16-02-2025,C092,P008,S023,2
10-03-2025,C041,P004,S016,2
20-07-2025,C093,P012,S009,2
15-06-2025,C003,P006,S017,3
01-05-2025,C035,P011,S021,2
11-01-2025,C050,P016,S003,5
15-09-2025,C015,P015,S037,3
05-08-2025,C057,P023,S032,1
11-01-2025,C006,P004,S035,1
18-07-2025,C048,P009,S002,4
19-03-2025,C007,P018,S002,3
15-08-2025,C081,P001,S005,4
30-07-2025,C044,P006,S007,2
10-03-2025,C050,P008,S017,2
20-03-2025,C016,P010,S032,4
04-04-2025,C098,P017,S018,5
04-02-2025,C072,P023,S014,2
15-07-2025,C092,P012,S031,2
12-04-2025,C045,P014,S031,3
13-08-2025,C098,P004,S029,3
17-04-2025,C007,P006,S010,3
15-07-2025,C005,P016,S015,3
30-01-2025,C084,P013,S028,3
08-04-2025,C012,P010,S030,1
05-03-2025,C045,P015,S027,3
24-04-2025,C083,P008,S014,7
24-01-2025,C043,P012,S036,2
11-04-2025,C100,P024,S013,4
23-01-2025,C054,P016,S037,5
30-01-2025,C019,P011,S030,2
03-09-2025,C041,P006,S026,4
16-08-2025,C063,P006,S006,1
12-02-2025,C094,P014,S006,2
15-04-2025,C009,P006,S029,2
01-05-2025,C056,P023,S038,3
09-06-2025,C042,P003,S036,3
28-03-2025,C018,P024,S035,5
23-05-2025,C058,P008,S030,3
27-03-2025,C089,P015,S023,3
25-05-2025,C099,P012,S039,3
15-07-2025,C015,P007,S031,3
14-01-2025,C011,P021,S028,2
10-06-2025,C056,P006,S021,3
08-07-2025,C059,P016,S021,2
23-03-2025,C062,P013,S005,3
05-01-2025,C059,P020,S037,2
30-05-2025,C086,P003,S014,4
10-08-2025,C013,P024,S024,5
10-06-2025,C002,P023,S034,5
19-01-2025,C071,P009,S035,4
12-05-2025,C039,P003,S037,2
14-03-2025,C001,P008,S002,2
01-06-2025,C014,P017,S027,4
10-03-2025,C051,P014,S022,4
29-05-2025,C025,P001,S008,2
20-07-2025,C021,P004,S009,5
23-04-2025,C093,P009,S031,3
27-03-2025,C027,P019,S023,2
22-07-2025,C066,P002,S020,1
12-01-2025,C004,P018,S038,4
07-09-2025,C084,P011,S012,4
14-01-2025,C077,P016,S017,2
26-02-2025,C036,P019,S033,4
16-06-2025,C054,P007,S021,3
14-08-2025,C009,P016,S029,2
29-05-2025,C006,P010,S006,3
08-06-2025,C045,P016,S035,1
26-07-2025,C055,P016,S025,3
23-01-2025,C078,P005,S012,2
30-06-2025,C084,P010,S015,3
01-03-2025,C010,P008,S029,1
13-04-2025,C049,P008,S005,3
31-01-2025,C007,P011,S016,3
07-03-2025,C086,P023,S034,4
14-07-2025,C022,P002,S024,4
01-05-2025,C072,P014,S025,2
26-08-2025,C042,P018,S007,2
20-03-2025,C059,P024,S039,2
13-02-2025,C018,P025,S006,5
30-07-2025,C039,P025,S039,1
11-07-2025,C050,P016,S020,3
19-07-2025,C013,P011,S010,3
04-04-2025,C080,P022,S033,5
16-07-2025,C054,P018,S032,1
18-05-2025,C048,P001,S022,2
23-04-2025,C060,P025,S014,4
07-04-2025,C004,P007,S031,4
12-03-2025,C026,P011,S027,3
25-02-2025,C097,P014,S003,3
08-05-2025,C087,P020,S027,2
01-09-2025,C086,P012,S033,3
10-05-2025,C017,P020,S018,3
30-05-2025,C005,P008,S019,5
11-09-2025,C024,P015,S012,3
25-01-2025,C032,P024,S003,2
21-03-2025,C097,P024,S006,4
31-03-2025,C071,P006,S022,3
13-03-2025,C057,P006,S015,3
02-07-2025,C029,P022,S038,1
25-07-2025,C065,P002,S003,3
08-09-2025,C012,P017,S029,1
05-05-2025,C006,P022,S021,3
10-06-2025,C071,P002,S001,2
12-06-2025,C062,P012,S036,3
17-02-2025,C052,P013,S025,3
01-03-2025,C038,P003,S008,3
07-07-2025,C005,P002,S037,4
20-08-2025,C036,P007,S011,5
01-07-2025,C049,P014,S014,4
06-02-2025,C096,P022,S010,1
09-09-2025,C022,P004,S015,3
16-06-2025,C024,P016,S014,3
29-06-2025,C091,P020,S028,3
22-08-2025,C065,P023,S034,1
24-01-2025,C017,P012,S023,4
05-06-2025,C066,P018,S014,4
24-08-2025,C074,P024,S038,2
06-05-2025,C020,P001,S027,3
08-04-2025,C011,P008,S027,2
16-02-2025,C001,P010,S029,3
24-04-2025,C044,P014,S031,3
11-07-2025,C015,P011,S016,2
26-05-2025,C085,P023,S028,1
29-03-2025,C011,P016,S028,5
29-08-2025,C025,P012,S037,2
25-02-2025,C058,P017,S015,4
17-07-2025,C074,P007,S017,1
30-01-2025,C077,P013,S021,3
16-01-2025,C100,P009,S004,1
15-02-2025,C094,P004,S007,2
12-01-2025,C032,P002,S009,1
23-05-2025,C072,P009,S009,1
06-04-2025,C009,P020,S005,5
05-09-2025,C094,P017,S020,5
10-05-2025,C088,P018,S030,2
14-04-2025,C020,P013,S014,3
15-02-2025,C064,P015,S021,2
10-07-2025,C059,P024,S006,6
13-08-2025,C038,P023,S005,1
16-05-2025,C023,P015,S005,2
24-06-2025,C025,P022,S031,4
03-07-2025,C004,P018,S008,4
01-06-2025,C054,P013,S036,5
20-04-2025,C088,P014,S007,1
06-08-2025,C069,P013,S015,3
03-06-2025,C065,P010,S027,2
20-08-2025,C072,P024,S036,1
04-08-2025,C035,P001,S031,1
28-02-2025,C084,P016,S038,3
07-06-2025,C014,P007,S034,3
03-07-2025,C058,P004,S040,1
11-07-2025,C002,P018,S036,2
29-08-2025,C026,P005,S013,3
28-02-2025,C054,P015,S005,3
23-07-2025,C082,P004,S002,4
10-03-2025,C006,P012,S035,3
13-07-2025,C079,P002,S023,2
12-03-2025,C049,P021,S008,1
20-05-2025,C037,P020,S014,5
05-08-2025,C049,P003,S029,3
17-05-2025,C021,P023,S007,2
13-03-2025,C038,P015,S010,1
03-01-2025,C071,P006,S027,5
05-05-2025,C092,P015,S009,3
08-04-2025,C053,P023,S036,2
06-09-2025,C076,P022,S034,2
01-09-2025,C089,P004,S024,1
31-03-2025,C079,P021,S026,6
09-04-2025,C005,P001,S040,4
25-03-2025,C070,P014,S025,4
01-03-2025,C018,P002,S003,2
08-05-2025,C071,P020,S039,4
23-01-2025,C017,P006,S003,3
25-02-2025,C082,P019,S023,3
25-05-2025,C090,P015,S005,2
16-07-2025,C031,P022,S029,2
07-01-2025,C003,P017,S018,1
08-02-2025,C020,P019,S032,5
01-04-2025,C076,P020,S030,2
12-07-2025,C011,P022,S035,1
26-05-2025,C090,P020,S007,4
21-05-2025,C019,P025,S027,3
17-04-2025,C088,P003,S040,3
19-08-2025,C032,P012,S038,1
30-06-2025,C090,P015,S018,2
12-01-2025,C067,P017,S010,6
24-03-2025,C033,P022,S039,1
31-08-2025,C017,P021,S012,4
05-09-2025,C079,P020,S035,3
11-03-2025,C009,P009,S027,1
28-02-2025,C086,P012,S029,1
13-03-2025,C093,P001,S032,2
01-09-2025,C013,P015,S029,3
03-07-2025,C040,P009,S024,2
17-05-2025,C071,P005,S019,2
22-03-2025,C048,P010,S021,3
10-03-2025,C026,P016,S012,1
01-04-2025,C033,P001,S035,4
23-03-2025,C014,P014,S038,5
17-07-2025,C046,P011,S032,5
14-02-2025,C064,P004,S030,2
14-06-2025,C003,P021,S024,4
04-09-2025,C045,P022,S025,2
12-08-2025,C033,P025,S023,3
26-05-2025,C028,P003,S033,3
12-05-2025,C025,P001,S001,1
05-01-2025,C086,P018,S020,2
12-02-2025,C094,P023,S009,2
27-08-2025,C040,P006,S026,2
09-03-2025,C012,P006,S028,4
26-04-2025,C061,P013,S024,3
24-05-2025,C045,P023,S027,2
16-01-2025,C098,P011,S027,3
20-02-2025,C030,P005,S020,1
03-02-2025,C014,P022,S004,3
01-08-2025,C055,P023,S026,3
05-01-2025,C073,P022,S004,2
09-03-2025,C072,P002,S038,4
07-05-2025,C032,P011,S028,3
18-08-2025,C049,P017,S015,5
13-07-2025,C099,P009,S004,2
28-03-2025,C032,P018,S028,4
28-01-2025,C030,P006,S003,5
11-08-2025,C002,P010,S029,3
15-02-2025,C015,P019,S032,3
16-07-2025,C079,P014,S016,1
26-07-2025,C019,P020,S039,1
04-03-2025,C025,P020,S002,2
24-05-2025,C070,P019,S003,1
16-04-2025,C057,P008,S021,4
18-04-2025,C076,P006,S027,7
02-02-2025,C097,P024,S038,2
10-02-2025,C060,P021,S004,3
04-08-2025,C063,P018,S032,3
28-01-2025,C089,P017,S010,5
19-02-2025,C005,P007,S013,4
27-06-2025,C051,P022,S012,2
21-02-2025,C065,P025,S010,4
18-04-2025,C042,P007,S013,2
28-05-2025,C057,P004,S030,2
23-04-2025,C093,P010,S017,2
02-05-2025,C007,P024,S031,2
12-04-2025,C010,P024,S038,5
30-08-2025,C068,P012,S038,3
23-01-2025,C009,P010,S001,3
15-05-2025,C039,P021,S031,2
17-03-2025,C090,P013,S029,3
03-05-2025,C017,P016,S008,3
05-07-2025,C072,P016,S009,5
08-08-2025,C044,P012,S022,2
05-07-2025,C013,P022,S024,4
12-07-2025,C051,P023,S013,1
10-02-2025,C100,P002,S022,6
18-02-2025,C077,P021,S020,2
03-07-2025,C015,P010,S002,6
24-04-2025,C053,P010,S018,2
02-04-2025,C014,P004,S034,1
10-08-2025,C079,P021,S018,2
03-01-2025,C043,P002,S040,1
26-06-2025,C002,P009,S034,2
19-01-2025,C038,P007,S003,1
27-04-2025,C034,P014,S025,1
13-02-2025,C069,P020,S021,3
17-08-2025,C048,P006,S017,4
14-05-2025,C020,P003,S024,4
05-08-2025,C088,P015,S036,2
21-05-2025,C017,P021,S020,1
09-04-2025,C012,P020,S020,4
27-05-2025,C060,P021,S010,5
17-06-2025,C037,P007,S006,1
23-04-2025,C074,P013,S023,2
13-09-2025,C041,P004,S027,2
05-09-2025,C085,P016,S002,3
12-06-2025,C035,P013,S002,3
16-05-2025,C093,P005,S027,2
12-08-2025,C019,P007,S040,3
09-05-2025,C023,P004,S002,4
07-09-2025,C015,P019,S039,5
02-07-2025,C020,P005,S017,4
05-06-2025,C093,P024,S021,1
09-09-2025,C085,P018,S035,2
09-09-2025,C052,P014,S026,3
29-08-2025,C094,P025,S033,4
02-04-2025,C041,P001,S014,2
20-08-2025,C031,P013,S014,3
30-05-2025,C091,P013,S004,5
04-08-2025,C032,P007,S015,4
19-02-2025,C098,P003,S034,2
20-01-2025,C018,P023,S022,3
09-03-2025,C040,P006,S017,2
14-04-2025,C023,P018,S003,2
19-08-2025,C057,P010,S038,3
05-03-2025,C012,P004,S029,3
22-06-2025,C064,P017,S022,1
10-09-2025,C028,P011,S027,4
15-07-2025,C044,P024,S026,5
21-02-2025,C082,P015,S033,2
18-08-2025,C072,P018,S033,1
25-06-2025,C029,P010,S039,3
05-08-2025,C065,P020,S028,1
13-09-2025,C092,P010,S033,1
04-01-2025,C081,P003,S014,1
13-06-2025,C027,P012,S021,1
05-07-2025,C004,P015,S010,4
14-08-2025,C087,P004,S012,3
30-07-2025,C006,P011,S031,2
05-03-2025,C011,P002,S003,3
26-04-2025,C055,P018,S040,2
27-01-2025,C051,P021,S020,2
23-06-2025,C083,P006,S030,7
18-08-2025,C003,P003,S019,5
29-07-2025,C084,P005,S005,1
14-03-2025,C092,P009,S006,4
11-02-2025,C084,P021,S005,2
07-07-2025,C075,P008,S015,1
24-08-2025,C098,P025,S019,1
22-01-2025,C013,P018,S023,3
30-06-2025,C070,P014,S034,4
04-03-2025,C091,P004,S006,2
12-08-2025,C046,P023,S037,1
02-04-2025,C033,P018,S005,2
01-07-2025,C029,P006,S028,4
14-04-2025,C065,P023,S030,3
28-03-2025,C090,P012,S036,4
08-05-2025,C013,P015,S007,3
31-07-2025,C012,P016,S016,1
03-03-2025,C007,P007,S016,2
15-03-2025,C097,P023,S026,1
01-02-2025,C096,P011,S004,3
23-04-2025,C076,P022,S022,2
16-04-2025,C067,P016,S023,3
16-08-2025,C023,P010,S026,3
21-03-2025,C100,P004,S008,1
25-03-2025,C070,P004,S005,4
05-05-2025,C080,P003,S004,2
20-01-2025,C067,P004,S029,1
25-03-2025,C069,P010,S008,4
20-04-2025,C085,P011,S022,3
19-04-2025,C090,P024,S031,3
24-06-2025,C027,P023,S038,5
03-04-2025,C003,P021,S034,4
31-07-2025,C050,P025,S006,5
05-06-2025,C031,P009,S010,5
16-02-2025,C019,P016,S039,5
12-08-2025,C003,P015,S005,3
23-07-2025,C100,P011,S002,1
11-03-2025,C039,P001,S020,3
23-01-2025,C033,P006,S004,1
16-04-2025,C036,P025,S005,3
11-06-2025,C053,P012,S034,2
20-01-2025,C077,P006,S032,5
04-05-2025,C048,P016,S039,1
23-08-2025,C024,P015,S023,1
10-02-2025,C010,P024,S016,5
02-05-2025,C035,P016,S040,2
01-06-2025,C034,P018,S024,3
19-02-2025,C067,P022,S005,2
04-04-2025,C095,P016,S001,2
27-04-2025,C054,P008,S037,2
30-08-2025,C095,P014,S022,1
14-09-2025,C015,P006,S038,2
14-09-2025,C035,P014,S035,1
03-06-2025,C002,P025,S028,3
08-04-2025,C087,P019,S001,2
03-01-2025,C054,P002,S001,4
03-06-2025,C073,P022,S020,4
04-07-2025,C087,P011,S028,6
21-01-2025,C008,P013,S033,3
02-03-2025,C038,P010,S031,2
09-03-2025,C027,P024,S003,3
28-06-2025,C097,P013,S026,2
16-03-2025,C055,P001,S040,3
03-09-2025,C036,P023,S007,2
07-07-2025,C060,P020,S003,1
09-05-2025,C100,P015,S002,7
22-05-2025,C047,P005,S022,1
04-06-2025,C087,P018,S030,4
27-02-2025,C017,P023,S004,4
13-03-2025,C062,P011,S016,2
06-03-2025,C065,P003,S018,4
16-08-2025,C021,P010,S022,1
15-04-2025,C012,P003,S002,2
16-07-2025,C051,P023,S038,4
30-03-2025,C043,P003,S008,3
28-06-2025,C046,P006,S033,3
27-01-2025,C045,P008,S005,2
09-06-2025,C017,P004,S025,3
22-07-2025,C033,P001,S014,2
16-07-2025,C003,P004,S001,2
16-01-2025,C049,P022,S028,2
17-07-2025,C030,P013,S033,1
09-09-2025,C006,P010,S038,3
03-08-2025,C014,P017,S040,2
19-01-2025,C080,P003,S016,2
08-08-2025,C001,P020,S023,2
17-01-2025,C078,P025,S012,4
03-08-2025,C026,P021,S034,2
02-07-2025,C009,P012,S016,3
18-03-2025,C100,P021,S010,1
24-08-2025,C034,P016,S017,2
12-01-2025,C076,P017,S011,1
10-03-2025,C066,P012,S004,3
20-02-2025,C041,P016,S039,5
05-07-2025,C043,P025,S018,3
15-08-2025,C100,P011,S018,3
17-04-2025,C079,P014,S027,1
31-05-2025,C042,P002,S001,2
25-01-2025,C038,P010,S034,2
28-07-2025,C068,P010,S015,3
06-09-2025,C061,P001,S029,3
01-03-2025,C059,P020,S039,1
29-03-2025,C076,P003,S007,2
06-09-2025,C060,P003,S006,4
03-08-2025,C020,P014,S014,3
19-03-2025,C053,P020,S029,4
17-06-2025,C008,P020,S013,3
19-06-2025,C013,P015,S007,1
20-02-2025,C020,P021,S024,2
15-08-2025,C046,P023,S036,4
20-08-2025,C006,P001,S030,1
28-04-2025,C012,P014,S034,2
28-06-2025,C004,P014,S004,3
08-08-2025,C080,P020,S007,5
17-08-2025,C006,P024,S023,4
11-05-2025,C084,P019,S026,3
04-05-2025,C092,P005,S019,3
08-05-2025,C039,P002,S034,4
22-07-2025,C095,P002,S036,3
15-07-2025,C051,P022,S002,4
12-03-2025,C012,P024,S025,1
21-07-2025,C028,P010,S033,1
07-05-2025,C036,P005,S024,1
20-01-2025,C012,P003,S004,2
06-03-2025,C092,P015,S001,1
11-02-2025,C045,P014,S031,4
11-09-2025,C052,P008,S010,3
21-04-2025,C037,P024,S013,2
20-03-2025,C073,P019,S024,3
22-06-2025,C065,P017,S035,3
22-07-2025,C065,P012,S016,6
15-03-2025,C019,P019,S027,1
09-03-2025,C084,P010,S011,4
14-01-2025,C092,P002,S020,3
12-06-2025,C017,P013,S037,3
24-08-2025,C057,P019,S029,3
30-04-2025,C021,P004,S016,5
30-06-2025,C065,P003,S020,2
30-05-2025,C006,P021,S010,5
16-08-2025,C024,P008,S009,3
03-01-2025,C005,P018,S013,2
31-05-2025,C044,P004,S033,2
22-06-2025,C073,P002,S002,4
22-02-2025,C074,P022,S008,1
18-08-2025,C041,P001,S026,2
08-04-2025,C044,P024,S015,5
16-06-2025,C005,P015,S028,1
22-08-2025,C002,P024,S010,1
05-06-2025,C090,P013,S018,2
19-01-2025,C083,P005,S031,1
12-05-2025,C081,P021,S039,1
25-08-2025,C004,P003,S030,4
26-03-2025,C095,P008,S034,1
14-04-2025,C018,P010,S034,2
21-01-2025,C020,P011,S039,1
17-03-2025,C049,P014,S011,3
15-09-2025,C076,P010,S011,3
16-01-2025,C044,P013,S035,2
20-02-2025,C095,P002,S005,2
03-04-2025,C003,P009,S014,2
30-07-2025,C086,P024,S016,1
15-07-2025,C100,P025,S009,4
17-05-2025,C063,P016,S022,1
12-07-2025,C075,P022,S034,3
24-02-2025,C017,P016,S015,3
04-06-2025,C012,P005,S009,5
22-08-2025,C080,P015,S018,2
05-07-2025,C093,P019,S007,2
16-07-2025,C011,P019,S027,3
17-06-2025,C059,P023,S002,2
15-07-2025,C082,P012,S007,2
15-07-2025,C017,P014,S014,5
04-07-2025,C006,P001,S013,3
22-04-2025,C062,P007,S022,3
07-05-2025,C068,P011,S037,3
23-07-2025,C029,P025,S037,2
30-04-2025,C045,P010,S019,4
19-08-2025,C034,P022,S003,4
19-04-2025,C092,P013,S028,1
28-01-2025,C013,P014,S015,3
26-08-2025,C083,P015,S006,4
10-06-2025,C022,P010,S011,6
22-03-2025,C012,P009,S026,3
19-05-2025,C088,P023,S024,3
25-08-2025,C087,P010,S002,3
05-06-2025,C015,P009,S024,4
16-07-2025,C025,P020,S033,1
07-01-2025,C089,P024,S027,3
16-02-2025,C037,P001,S025,2
09-04-2025,C091,P015,S007,2
30-07-2025,C041,P015,S031,1
11-06-2025,C031,P012,S026,3
22-08-2025,C044,P012,S004,2
23-08-2025,C031,P007,S038,4
12-01-2025,C098,P022,S028,2
22-05-2025,C084,P005,S009,3
24-05-2025,C088,P023,S023,2
08-09-2025,C033,P002,S006,4
12-09-2025,C081,P018,S019,1
03-09-2025,C060,P015,S023,3
31-08-2025,C031,P011,S004,4
25-07-2025,C005,P013,S022,2
05-07-2025,C078,P023,S008,5
22-05-2025,C026,P001,S010,2
06-08-2025,C025,P009,S007,1
19-05-2025,C053,P008,S013,2
22-06-2025,C055,P015,S030,2
09-02-2025,C017,P019,S015,4
20-03-2025,C064,P025,S027,3
05-04-2025,C025,P007,S031,6
15-05-2025,C067,P024,S001,5
07-01-2025,C022,P021,S031,3
04-02-2025,C050,P022,S018,1
20-03-2025,C098,P025,S005,1
08-08-2025,C030,P016,S025,1
24-02-2025,C041,P008,S030,2
03-07-2025,C034,P012,S011,4
14-07-2025,C042,P016,S004,4
25-01-2025,C071,P014,S038,1
27-01-2025,C100,P021,S040,1
04-09-2025,C048,P020,S021,3
17-02-2025,C043,P004,S003,2
